0,3.90719,8.94926,8.50736,Proton
0,4.80616,8.83843,8.13462,Proton
0,4.29871,8.75807,7.72631,Proton
0,4.20765,8.20824,8.01893,Proton
0,4.22637,7.8862,8.34604,Proton
0,2.53056,8.17516,8.59676,Proton
0,2.94919,7.62958,8.68511,Proton
0,3.46833,7.68667,8.54669,Proton
0,2.74849,7.96516,8.05802,Proton
0,4.46826,8.8022,6.80749,Proton
0,4.82849,8.91635,5.98898,Proton
0,4.82431,7.86956,7.18107,Proton
0,4.85802,7.54385,6.40616,Proton
0,4.07778,7.56119,5.90505,Proton
0,4.49001,7.66979,5.96184,Proton
0,4.53518,8.03164,5.03479,Proton
0,2.57296,8.49256,5.04147,Proton
0,3.6387,7.72144,6.06662,Proton
0,2.33973,8.92533,6.94027,Proton
0,2.35912,8.94315,6.10993,Proton
0,2.13671,8.80566,5.32592,Proton
0,1.08906,8.52329,7.04572,Proton
0,2.42407,6.94688,7.71034,Proton
0,1.01006,6.34053,8.01302,Proton
0,1.64258,5.60791,8.96806,Proton
0,1.76969,5.5797,8.98505,Proton
0,2.36198,6.08775,8.713,Proton
0,1.47478,5.71624,7.54879,Proton
0,1.71995,5.22105,8.48148,Proton
0,1.41097,5.11707,8.40604,Proton
0,2.21979,5.22482,7.99733,Proton
0,1.19308,6.02132,8.59805,Proton
0,1.01819,5.95873,8.39388,Proton
0,2.98797,6.83443,8.84123,Proton
0,4.53052,7.16456,8.77128,Proton
0,4.14387,6.80788,8.94702,Proton
0,4.11837,7.41717,8.62743,Proton
0,3.77971,6.36954,8.67084,Proton
0,2.78023,7.11414,8.09152,Proton
0,2.64106,5.32189,8.95672,Proton
0,3.76078,5.44072,8.08654,Proton
0,3.25538,5.03104,7.56047,Proton
0,3.32353,6.89957,6.42631,Proton
0,2.66909,6.81693,6.7546,Proton
0,4.55135,7.40494,7.03513,Proton
0,4.24128,6.89443,6.10247,Proton
0,4.62314,7.26951,5.72044,Proton
0,4.79855,6.71697,5.68771,Proton
0,3.41666,6.7999,5.33213,Proton
0,2.83012,6.08816,6.87867,Proton
0,2.74433,5.34916,6.29323,Proton
0,2.90165,5.05995,6.33428,Proton
0,3.8688,5.56528,6.77592,Proton
0,4.7599,5.77175,5.66671,Proton
0,3.09285,6.1148,5.14116,Proton
0,3.39885,5.08915,5.28082,Proton
0,2.09126,6.8877,6.74725,Proton
0,2.02529,7.49774,5.26425,Proton
0,1.62676,6.78291,5.88975,Proton
0,1.542,6.27474,5.97925,Proton
0,1.52898,6.56083,5.25034,Proton
0,1.11246,6.30618,5.08923,Proton
0,1.59674,5.45973,7.48059,Proton
0,1.68602,5.56679,5.08683,Proton
0,1.22399,5.24092,5.30748,Proton
0,5.5105,7.91021,8.7536,Proton
0,6.66757,8.58609,8.7534,Proton
0,6.48206,8.643,7.6692,Proton
0,5.94746,8.58654,8.51078,Proton
0,5.11482,8.1109,8.3578,Proton
0,5.16298,7.6134,8.25529,Proton
0,6.18193,7.58524,7.52818,Proton
0,5.27442,8.11114,7.97945,Proton
0,8.01178,8.80824,8.82839,Proton
0,8.98892,7.8047,8.87991,Proton
0,8.97203,7.6175,7.7734,Proton
0,7.57547,7.87634,8.29867,Proton
0,8.31893,7.63489,7.33075,Proton
0,8.47508,7.94991,6.58601,Proton
0,8.41007,7.76492,6.38175,Proton
0,8.56931,8.40234,5.76486,Proton
0,7.84277,8.73782,5.34386,Proton
0,7.90089,8.2212,5.22883,Proton
0,5.36706,8.16337,6.28929,Proton
0,5.91844,7.55135,6.69958,Proton
0,5.39017,7.65668,6.33283,Proton
0,6.01405,8.53164,6.11181,Proton
0,5.1661,7.89651,5.95457,Proton
0,5.21041,7.69754,6.16906,Proton
0,5.12341,7.52143,5.98285,Proton
0,6.39175,7.34054,8.98352,Proton
0,7.14459,7.31139,8.63393,Proton
0,7.49983,7.36415,8.61282,Proton
0,6.94915,7.46428,7.54703,Proton
0,5.83469,7.37215,8.74685,Proton
0,6.005,6.63591,8.35874,Proton
0,5.74923,6.42303,8.37163,Proton
0,5.20792,6.62592,7.91198,Proton
0,5.0591,5.08166,8.99723,Proton
0,7.03521,6.20376,8.69972,Proton
0,7.02747,5.47575,7.95366,Proton
0,6.51178,5.3215,7.96425,Proton
0,5.45265,6.22506,7.9757,Proton
0,5.57015,6.0469,8.08159,Proton
0,6.24494,5.58106,7.52494,Proton
0,8.63329,7.46139,8.79855,Proton
0,8.76767,6.49404,8.23984,Proton
0,7.62776,7.29979,7.57416,Proton
0,8.81136,5.50235,8.31503,Proton
0,7.57988,5.75287,7.7634,Proton
0,8.04113,7.46501,7.02635,Proton
0,8.01596,7.27146,7.08686,Proton
0,7.69169,6.77908,7.21654,Proton
0,7.88385,6.52087,6.41011,Proton
0,7.80591,7.01889,6.08159,Proton
0,7.37632,7.47991,6.70238,Proton
0,7.27124,6.39876,6.41033,Proton
0,6.99971,6.98116,5.9464,Proton
0,7.25662,6.88832,5.56859,Proton
0,6.81777,7.36598,5.44845,Proton
0,6.29523,6.39343,5.75309,Proton
0,6.88161,6.53879,5.40658,Proton
0,5.34552,5.72472,6.7427,Proton
0,5.07344,5.0588,6.91304,Proton
0,5.15061,5.41836,6.58722,Proton
0,5.44559,5.29238,6.5092,Proton
0,6.49419,6.17731,7.31041,Proton
0,6.50522,5.18241,6.56116,Proton
0,6.43181,5.9417,5.64624,Proton
0,7.29285,5.95237,6.23464,Proton
0,7.06747,5.65863,5.76103,Proton
0,6.62218,6.038,5.58509,Proton
0,5.79456,5.67937,6.17146,Proton
0,5.9728,8.50346,4.86193,Proton
0,6.7907,8.17532,4.68147,Proton
0,6.3536,7.92594,4.04584,Proton
0,6.52063,8.74871,3.3125,Proton
0,7.09723,8.31869,3.06558,Proton
0,6.94372,7.87459,3.263,Proton
0,6.8916,7.52389,2.8213,Proton
0,6.83837,8.11424,2.66501,Proton
0,5.24504,8.34929,2.64987,Proton
0,5.78086,7.53433,3.50817,Proton
0,8.91487,8.90919,4.66093,Proton
0,7.50898,8.74706,4.59503,Proton
0,8.16742,8.72173,4.12788,Proton
0,7.83677,7.63879,3.82972,Proton
0,7.63984,7.67161,3.92858,Proton
0,8.5901,8.63647,3.03241,Proton
0,7.66535,7.50167,2.61308,Proton
0,8.06195,8.88402,2.08938,Proton
0,8.50273,8.77073,2.40605,Proton
0,8.73643,8.71814,2.26708,Proton
0,8.68579,7.98327,1.45595,Proton
0,5.53493,8.71456,1.83139,Proton
0,5.10106,7.13427,4.56782,Proton
0,5.61842,6.35848,4.04653,Proton
0,6.74183,7.04449,4.56605,Proton
0,6.40319,6.70549,3.90461,Proton
0,6.83956,6.81336,3.3402,Proton
0,7.02374,6.33603,2.54426,Proton
0,5.23297,7.17762,3.22752,Proton
0,5.96539,7.06141,3.69659,Proton
0,6.00987,5.87401,4.48826,Proton
0,6.49772,5.77413,4.95943,Proton
0,7.14605,5.82605,4.73412,Proton
0,7.06873,5.76559,4.97937,Proton
0,6.59799,6.14933,3.86696,Proton
0,8.73413,7.37244,4.5946,Proton
0,7.93656,6.67239,4.29026,Proton
0,8.91881,7.46111,2.87072,Proton
0,8.45537,7.377,3.33833,Proton
0,7.90805,6.19848,4.04318,Proton
0,7.77158,5.48655,4.92003,Proton
0,8.32082,6.00352,3.67487,Proton
0,8.68062,5.69351,3.14496,Proton
0,8.3814,7.2102,2.38226,Proton
0,7.76802,7.32664,1.60412,Proton
0,7.76198,6.78397,2.35328,Proton
0,8.09164,6.47047,1.22259,Proton
0,8.29679,5.57324,1.90134,Proton
0,5.4587,7.26472,1.37068,Proton
0,5.15749,6.41852,1.38803,Proton
0,7.19624,6.36777,1.55269,Proton
0,5.60358,6.00954,2.29621,Proton
0,6.15412,6.24064,2.42588,Proton
0,5.03181,5.57381,2.00292,Proton
0,6.51027,5.11969,2.46269,Proton
0,5.53071,5.87771,1.05583,Proton
0,5.48881,5.15209,1.01343,Proton
0,2.21959,8.48407,3.74042,Proton
0,1.56231,8.34874,2.90052,Proton
0,1.57452,8.21356,3.09366,Proton
0,1.83339,7.65695,3.06355,Proton
0,1.78852,7.70977,2.98476,Proton
0,1.15763,7.97532,2.76401,Proton
0,4.52013,7.6492,3.80537,Proton
0,3.23453,8.47045,3.51545,Proton
0,2.91913,7.52892,2.34089,Proton
0,3.49654,7.61742,1.4093,Proton
0,4.24371,7.72666,1.22535,Proton
0,1.92953,8.41682,1.61739,Proton
0,2.48927,8.53161,1.08907,Proton
0,2.02929,7.2814,4.1705,Proton
0,2.14128,6.56419,3.20496,Proton
0,1.84006,6.07038,4.47212,Proton
0,1.26065,5.96763,3.94196,Proton
0,1.89868,5.57893,4.56187,Proton
0,2.19197,5.46803,3.87828,Proton
0,1.35372,5.7351,3.07719,Proton
0,1.46457,5.34345,3.17751,Proton
0,2.40034,5.44091,3.08256,Proton
0,1.32675,5.49516,2.82414,Proton
0,1.69623,5.05491,2.64928,Proton
0,1.03154,5.46603,3.68632,Proton
0,2.98766,6.98771,4.43349,Proton
0,3.51449,7.24846,4.55501,Proton
0,2.53362,6.76072,4.41165,Proton
0,2.55059,6.45629,4.62234,Proton
0,4.86236,7.37142,3.91656,Proton
0,4.50525,7.49565,3.88739,Proton
0,3.76232,7.38933,3.75782,Proton
0,4.87069,6.32267,4.99306,Proton
0,3.17629,7.08712,2.5653,Proton
0,3.03353,7.34009,2.85502,Proton
0,4.31845,6.22832,4.57074,Proton
0,4.225,5.8976,3.16779,Proton
0,4.38379,6.14394,3.08731,Proton
0,4.86811,6.04486,2.55835,Proton
0,2.8456,6.1585,2.95939,Proton
0,2.99884,5.21551,3.02192,Proton
0,3.01132,5.17213,2.78502,Proton
0,3.40771,6.29036,1.50302,Proton
0,3.11524,6.49851,1.45419,Proton
0,4.68984,7.235,1.31267,Proton
0,4.87319,7.0371,1.46143,Proton
0,4.68633,6.59601,2.41621,Proton
0,4.65911,6.64532,1.87535,Proton
0,4.5933,6.89823,1.24744,Proton
0,2.64955,5.80907,2.00669,Proton
0,3.54818,6.17943,2.49698,Proton
0,3.55407,5.81832,2.40706,Proton
0,3.13529,6.13267,1.58762,Proton
0,2.72199,5.95666,1.31959,Proton
0,2.51921,5.13979,2.31703,Proton
0,2.89731,5.07631,1.68499,Proton
0,4.48649,5.85654,2.13258,Proton
0,4.12628,5.19466,2.18078,Proton
0,4.10946,5.24825,1.29103,Proton
0,2.26084,7.44308,2.18592,Proton
0,2.00388,7.25363,1.21416,Proton
0,1.65907,6.23744,2.45443,Proton
0,1.99157,5.67777,1.89491,Proton
0,1.5076,5.67581,1.40946,Proton
0,2.01631,5.1348,2.14874,Proton
0,2.04709,5.98755,1.14587,Proton
0,1.59604,5.08826,1.22241,Proton
0,2.23981,5.1692,1.09348,Proton
0,1.10439,5.00795,1.22641,Proton
0,1.08024,4.01695,8.82547,Proton
0,2.06516,4.4198,8.81412,Proton
0,1.59361,4.42889,8.21179,Proton
0,1.11661,4.13629,8.26077,Proton
0,1.66643,3.34441,8.29132,Proton
0,3.3932,4.65572,8.8252,Proton
0,2.8132,4.90805,8.65056,Proton
0,3.05478,4.97842,6.91512,Proton
0,2.88016,4.50534,7.04336,Proton
0,3.54109,4.05961,7.48641,Proton
0,3.60717,4.29229,6.64474,Proton
0,3.07861,4.25472,6.80446,Proton
0,2.7963,4.08245,6.36153,Proton
0,4.28825,4.06452,7.31419,Proton
0,4.88845,4.42987,5.03094,Proton
0,3.87588,4.78119,5.61216,Proton
0,4.68175,4.26394,5.12592,Proton
0,4.23333,4.34408,5.61187,Proton
0,3.40692,4.74275,5.19439,Proton
0,2.69862,4.1076,6.05063,Proton
0,2.65625,4.2893,5.24196,Proton
0,2.91139,2.79248,6.52837,Proton
0,4.11457,3.24347,6.3426,Proton
0,4.29371,2.82174,7.23426,Proton
0,4.17558,2.68024,7.1019,Proton
0,4.82826,3.01933,6.3746,Proton
0,3.98989,3.26331,6.07082,Proton
0,4.88715,2.80138,6.07189,Proton
0,2.70505,3.19529,5.5119,Proton
0,2.87741,3.15469,5.05108,Proton
0,2.54896,2.61764,6.1358,Proton
0,2.62804,2.64134,5.77683,Proton
0,1.01412,4.94915,6.80289,Proton
0,2.37057,4.81015,7.4383,Proton
0,1.88722,4.55047,7.2027,Proton
0,1.91395,4.05789,6.87427,Proton
0,1.43077,4.68355,5.03963,Proton
0,1.74833,4.0699,5.9629,Proton
0,1.62088,4.06794,5.94672,Proton
0,1.4095,4.06103,5.89004,Proton
0,1.37662,2.51677,7.44201,Proton
0,2.05132,2.63831,6.64855,Proton
0,2.01806,3.23159,5.51617,Proton
0,1.54763,2.61271,5.81006,Proton
0,2.23942,2.87322,6.04496,Proton
0,2.41765,2.20523,8.56515,Proton
0,2.28467,1.91944,7.51794,Proton
0,3.94358,2.40788,8.93684,Proton
0,4.67449,1.27733,8.06692,Proton
0,3.03465,1.77991,7.88513,Proton
0,4.02344,1.21496,8.52592,Proton
0,2.60127,1.97232,6.30517,Proton
0,4.92179,2.33591,6.42849,Proton
0,4.90439,2.48177,6.2435,Proton
0,4.18219,1.93626,5.39886,Proton
0,4.90798,1.66494,5.80192,Proton
0,4.80897,1.46196,5.07493,Proton
0,4.91222,1.02468,6.95198,Proton
0,1.04742,1.31785,7.19433,Proton
0,2.19673,2.26013,6.78298,Proton
0,2.38332,2.13844,6.86225,Proton
0,1.28659,2.48042,6.76679,Proton
0,1.80355,2.191,6.35395,Proton
0,1.77954,1.31533,5.87344,Proton
0,1.21615,1.42476,5.567,Proton
0,6.74521,4.87188,8.72317,Proton
0,6.25964,4.40046,8.58414,Proton
0,6.86796,4.44561,8.62391,Proton
0,6.81484,4.57322,7.55103,Proton
0,6.48541,4.30392,8.14174,Proton
0,7.22594,4.18761,7.77182,Proton
0,6.32215,4.24204,7.53013,Proton
0,5.70867,4.78146,8.04432,Proton
0,5.1933,4.56612,7.52593,Proton
0,5.09647,4.61965,7.59519,Proton
0,5.54022,4.30904,8.42226,Proton
0,6.81661,3.27859,8.75687,Proton
0,7.22106,2.91051,8.46231,Proton
0,6.39551,2.7654,8.04987,Proton
0,6.16725,2.62635,7.81767,Proton
0,8.33374,4.93487,8.89966,Proton
0,8.46488,4.12218,8.78882,Proton
0,7.79776,4.14538,8.60198,Proton
0,8.44922,4.36116,8.51918,Proton
0,7.72299,3.76795,8.00239,Proton
0,8.41638,2.57419,8.842,Proton
0,7.75509,3.0022,8.9049,Proton
0,7.91799,3.70577,8.49301,Proton
0,8.28362,4.28747,7.35103,Proton
0,8.22165,3.94794,7.26514,Proton
0,8.4047,4.22652,6.80239,Proton
0,7.94478,3.76172,6.76048,Proton
0,7.90436,3.85234,6.31524,Proton
0,7.75626,4.43212,5.64618,Proton
0,8.52973,4.71668,6.02674,Proton
0,8.69148,4.88206,5.2757,Proton
0,8.16174,4.158,5.90824,Proton
0,8.00061,2.76848,6.60381,Proton
0,7.97193,3.39142,5.24536,Proton
0,8.27216,2.86236,5.48473,Proton
0,7.55412,2.73719,5.34233,Proton
0,5.25266,4.88202,7.23465,Proton
0,5.89831,4.90847,7.15433,Proton
0,5.87307,4.39764,7.34011,Proton
0,5.79149,4.0228,6.36591,Proton
0,5.5478,4.31751,6.8202,Proton
0,6.68595,4.1564,7.00852,Proton
0,7.29924,3.96201,6.81576,Proton
0,7.4438,4.46548,5.90946,Proton
0,7.14924,4.84819,5.2913,Proton
0,6.77356,4.12761,5.63772,Proton
0,7.24939,4.02239,5.27933,Proton
0,6.82772,3.95331,5.16119,Proton
0,5.97031,4.54325,5.58726,Proton
0,5.37618,3.8986,5.13206,Proton
0,5.43068,3.69721,6.45415,Proton
0,5.00254,3.45831,6.50936,Proton
0,5.93955,2.52093,6.75772,Proton
0,6.46373,3.54776,7.35191,Proton
0,6.55307,3.39442,6.84972,Proton
0,7.49132,2.74027,6.26567,Proton
0,6.39663,3.05694,5.82664,Proton
0,7.16607,2.84027,5.6147,Proton
0,5.90327,3.54949,5.56844,Proton
0,5.52297,3.74585,5.33204,Proton
0,5.48787,2.73559,5.8365,Proton
0,6.24248,2.7162,5.45317,Proton
0,6.61091,1.57491,8.79775,Proton
0,7.13852,2.23958,7.76814,Proton
0,6.45912,1.76576,8.36569,Proton
0,5.8844,2.18261,8.19991,Proton
0,7.88751,1.59269,8.62724,Proton
0,8.73971,1.17741,8.73471,Proton
0,8.28761,2.27922,7.17131,Proton
0,7.80076,1.27597,6.9194,Proton
0,8.25431,1.7759,6.31523,Proton
0,8.80641,2.04706,5.36268,Proton
0,8.99801,1.67942,5.36439,Proton
0,8.00275,1.6754,6.08387,Proton
0,7.93218,1.54308,5.73281,Proton
0,8.54917,1.54195,6.22234,Proton
0,7.68501,1.46336,5.10155,Proton
0,8.0125,1.22962,5.31893,Proton
0,6.05404,2.1883,6.96355,Proton
0,5.91395,2.25426,7.15573,Proton
0,5.81591,2.10245,6.97904,Proton
0,6.03325,2.31857,6.38095,Proton
0,6.01596,2.11725,6.30445,Proton
0,5.17442,1.90915,6.50656,Proton
0,7.30896,2.48527,6.5848,Proton
0,6.53103,2.01989,6.75567,Proton
0,5.56161,2.18629,5.38483,Proton
0,5.43749,4.72021,4.86539,Proton
0,6.16227,4.38843,4.16683,Proton
0,5.64507,4.02292,4.2543,Proton
0,5.17652,4.06991,4.29044,Proton
0,7.25047,3.95158,4.23114,Proton
0,6.66154,3.9484,4.11409,Proton
0,6.44953,4.65527,3.2933,Proton
0,6.32273,4.45,3.1276,Proton
0,7.24472,4.64753,3.02096,Proton
0,5.28321,4.98097,3.67831,Proton
0,5.0285,3.53418,4.78265,Proton
0,5.01821,3.58021,4.7135,Proton
0,6.79909,3.69755,4.99666,Proton
0,6.80471,3.18607,3.82573,Proton
0,7.27711,2.80952,4.04665,Proton
0,6.53916,2.98913,3.87574,Proton
0,7.37889,2.97384,3.66094,Proton
0,7.19784,2.99533,3.36397,Proton
0,5.37678,2.8783,3.22536,Proton
0,5.68504,2.81394,3.03284,Proton
0,5.32229,3.07048,2.93285,Proton
0,5.48261,2.55685,2.96329,Proton
0,7.74024,4.43378,4.75935,Proton
0,7.60252,4.5892,3.72713,Proton
0,8.0864,3.97248,3.35163,Proton
0,8.29849,3.94016,2.88251,Proton
0,8.54522,3.66118,4.57624,Proton
0,7.69504,3.32067,3.95406,Proton
0,7.98016,3.47239,3.421,Proton
0,8.15688,4.65659,2.41171,Proton
0,7.7263,4.44846,1.27069,Proton
0,7.56541,4.36181,1.32253,Proton
0,8.8574,4.85406,1.64618,Proton
0,8.88745,4.51016,1.18459,Proton
0,7.55169,4.3775,1.1685,Proton
0,7.92099,2.57027,2.34574,Proton
0,5.27569,4.2699,2.466,Proton
0,6.81816,4.51157,2.02449,Proton
0,6.42836,4.23738,1.48502,Proton
0,6.29699,4.25332,1.07171,Proton
0,5.28008,2.69994,2.01768,Proton
0,6.22886,2.61234,2.34822,Proton
0,5.90845,2.99619,1.76613,Proton
0,6.26185,2.52245,2.1736,Proton
0,6.43075,1.52091,4.86035,Proton
0,6.30378,1.30637,4.94684,Proton
0,5.70504,2.01095,3.45573,Proton
0,6.12357,2.2187,3.06566,Proton
0,6.10177,1.31898,2.93104,Proton
0,5.25987,1.48778,2.79547,Proton
0,8.16094,2.34448,4.40748,Proton
0,8.40856,2.22141,3.76688,Proton
0,7.66287,1.6609,4.22072,Proton
0,7.55339,1.46844,3.94691,Proton
0,8.31079,2.11985,2.88783,Proton
0,7.77476,1.6034,3.23995,Proton
0,8.36437,1.42315,3.36464,Proton
0,8.2819,1.67039,2.93061,Proton
0,8.06543,1.94382,2.16807,Proton
0,7.56956,1.02038,1.96819,Proton
0,5.54457,2.44441,1.89633,Proton
0,6.0821,2.06842,1.55033,Proton
0,5.64906,2.02338,1.37488,Proton
0,7.06181,2.01717,1.45405,Proton
0,1.67334,4.72072,2.88572,Proton
0,2.08941,3.82345,2.98873,Proton
0,1.07505,3.39709,4.17334,Proton
0,1.26381,3.57221,4.76067,Proton
0,1.28275,3.64729,3.69541,Proton
0,1.52531,3.44035,2.81221,Proton
0,3.64518,4.59691,4.03674,Proton
0,3.34619,4.15572,4.89272,Proton
0,4.79583,4.17088,4.34431,Proton
0,3.88246,3.8996,4.36879,Proton
0,4.61252,4.17223,3.60546,Proton
0,3.26616,4.7884,2.88269,Proton
0,3.6336,3.49727,4.23711,Proton
0,2.5416,3.61378,4.29495,Proton
0,2.74584,2.53814,4.55254,Proton
0,4.64505,3.47015,4.82041,Proton
0,4.05357,3.41095,4.04308,Proton
0,4.1821,2.99037,4.37738,Proton
0,3.95907,2.86486,4.27108,Proton
0,3.09963,4.49626,2.14323,Proton
0,3.70302,4.95523,2.04062,Proton
0,3.14486,4.46802,2.26556,Proton
0,3.61459,4.45413,2.34596,Proton
0,3.73749,4.4725,1.26941,Proton
0,2.54141,4.92348,1.37559,Proton
0,2.93536,4.3544,2.15202,Proton
0,3.71923,4.05491,1.73433,Proton
0,4.99789,4.39182,2.30782,Proton
0,4.01802,4.0048,2.12646,Proton
0,4.46267,4.27751,2.3172,Proton
0,4.03307,3.96337,1.37202,Proton
0,2.65432,3.63205,2.35373,Proton
0,3.54978,3.62588,2.2452,Proton
0,3.80185,3.65142,2.48181,Proton
0,3.98017,3.52626,2.28323,Proton
0,1.28907,4.59064,1.28467,Proton
0,1.07157,2.94592,2.02442,Proton
0,1.66491,2.9203,2.32247,Proton
0,1.31418,2.97483,1.38957,Proton
0,1.58841,2.66634,1.48447,Proton
0,1.63774,1.75904,4.5356,Proton
0,1.64663,1.91918,2.74954,Proton
0,2.21683,1.60052,3.05896,Proton
0,1.05022,1.77895,2.58947,Proton
0,2.50314,2.10143,4.39443,Proton
0,4.55786,1.58953,4.28339,Proton
0,4.38693,1.79631,3.80438,Proton
0,4.44504,2.47165,3.33181,Proton
0,3.88231,1.49788,3.70076,Proton
0,4.83442,1.39011,3.3088,Proton
0,4.39685,1.25706,3.19602,Proton
0,4.82585,1.81611,2.62859,Proton
0,4.9988,1.41134,2.72856,Proton
0,3.56518,1.91176,3.059,Proton
0,3.58693,2.07019,1.91923,Proton
0,2.80503,1.3179,1.88812,Proton
0,3.71299,1.39621,2.37251,Proton
0,2.972,1.80559,1.69429,Proton
0,2.76666,1.72786,1.3791,Proton
0,3.53402,1.14204,2.09936,Proton
0,3.34214,1.14625,1.10241,Proton
0,2.27157,8.75767,7.86269,Proton
0,1.44464,8.04675,8.88452,Proton
0,1.28278,7.5513,8.83666,Proton
0,1.6151,8.02393,8.16496,Proton
0,4.74835,8.80596,7.87916,Proton
0,4.01261,8.66467,8.81862,Proton
0,4.32508,8.60427,8.35046,Proton
0,4.67528,8.15943,7.64741,Proton
0,4.83842,7.97793,7.88432,Proton
0,4.15366,8.76724,5.87325,Proton
0,3.53188,8.44892,7.46143,Proton
0,3.40805,7.67198,6.74115,Proton
0,3.94559,8.67899,7.26221,Proton
0,4.72566,8.29517,6.86436,Proton
0,4.51731,7.93271,7.34087,Proton
0,4.82994,7.75424,5.62681,Proton
0,4.6573,7.56052,5.56902,Proton
0,4.71805,7.69852,5.15326,Proton
0,3.46378,8.63337,5.02647,Proton
0,2.42985,8.01289,6.9425,Proton
0,1.50954,7.84229,6.85427,Proton
0,1.25803,6.95322,7.52156,Proton
0,1.81795,6.38122,7.7091,Proton
0,1.91127,5.93477,8.64598,Proton
0,1.91798,6.05692,7.52427,Proton
0,2.14073,5.20474,8.32026,Proton
0,1.52569,5.07663,7.77857,Proton
0,3.86188,7.2106,8.62324,Proton
0,4.36642,6.61034,8.51097,Proton
0,3.01168,5.02746,8.90683,Proton
0,4.72638,5.67329,8.78869,Proton
0,3.83442,6.06369,8.72461,Proton
0,4.06824,5.75728,8.35963,Proton
0,2.51078,5.59755,8.26579,Proton
0,3.20233,5.4711,8.20142,Proton
0,2.72445,5.29129,7.63428,Proton
0,4.25709,7.31728,6.97126,Proton
0,4.25725,6.96208,7.43669,Proton
0,4.39467,7.40221,7.08874,Proton
0,4.17327,6.60667,7.055,Proton
0,4.53729,6.85787,5.06041,Proton
0,3.2791,7.19539,5.72988,Proton
0,2.68641,6.68276,5.75672,Proton
0,3.4429,6.52863,5.45564,Proton
0,3.45926,5.69173,6.5496,Proton
0,2.66553,5.54981,7.08447,Proton
0,4.59756,5.38708,7.33895,Proton
0,4.83606,5.05895,5.82814,Proton
0,4.24503,5.49234,5.00253,Proton
0,2.2207,7.01281,7.0147,Proton
0,1.3491,7.31701,6.85632,Proton
0,1.63068,7.19821,6.33679,Proton
0,1.82638,6.60636,6.3414,Proton
0,1.71844,7.00272,5.62078,Proton
0,1.97578,6.41681,6.03846,Proton
0,2.40723,6.63894,5.62453,Proton
0,1.21713,6.91364,6.07988,Proton
0,1.05339,5.8936,6.7193,Proton
0,1.55864,5.03343,7.37957,Proton
0,2.25683,6.06036,5.01249,Proton
0,6.09704,8.8203,8.50016,Proton
0,6.92087,8.13951,8.12929,Proton
0,7.07677,8.21625,8.03236,Proton
0,7.19837,7.89241,8.34067,Proton
0,6.87068,7.81651,7.95075,Proton
0,5.51242,8.23181,7.66774,Proton
0,8.78805,8.53255,8.55445,Proton
0,8.00775,8.54371,7.95838,Proton
0,7.70101,7.96443,7.87764,Proton
0,8.88602,8.71429,7.03869,Proton
0,8.17089,7.63312,6.11365,Proton
0,8.44394,7.64761,5.48965,Proton
0,7.67039,7.93768,5.58597,Proton
0,7.32225,8.22714,5.46579,Proton
0,6.72674,7.97736,5.77809,Proton
0,6.79395,7.94859,5.7139,Proton
0,5.04426,8.43637,5.52404,Proton
0,5.16794,8.17348,5.03878,Proton
0,6.22834,7.89998,5.95548,Proton
0,6.05571,8.07682,5.31023,Proton
0,5.10184,7.84569,5.12547,Proton
0,6.54557,7.07684,8.84284,Proton
0,6.71746,7.1135,7.93393,Proton
0,5.69009,7.21923,7.70985,Proton
0,5.25409,6.86133,7.61014,Proton
0,5.85183,5.93515,8.63594,Proton
0,8.53178,6.79151,8.95477,Proton
0,8.12692,7.28795,7.82832,Proton
0,8.62799,7.42798,7.5528,Proton
0,7.81394,6.85166,7.72525,Proton
0,7.52578,6.57125,7.80059,Proton
0,8.90022,6.143,7.77289,Proton
0,8.80171,7.46044,7.03402,Proton
0,8.68065,6.95715,5.34878,Proton
0,7.52512,6.62766,6.15987,Proton
0,8.13059,6.072,7.10521,Proton
0,8.67343,5.75794,7.34017,Proton
0,8.50089,6.07766,6.47752,Proton
0,8.63533,5.2621,6.57704,Proton
0,8.31607,5.49705,5.3465,Proton
0,5.59396,6.93777,7.07413,Proton
0,5.70379,6.79965,7.15496,Proton
0,7.15683,7.06772,6.63873,Proton
0,6.60108,6.32494,6.56585,Proton
0,7.40532,6.92423,5.29519,Proton
0,6.01621,7.16396,5.20485,Proton
0,5.26444,7.15606,5.3436,Proton
0,5.23513,6.62572,5.81524,Proton
0,5.78817,6.25143,5.64178,Proton
0,5.40744,5.49069,6.47131,Proton
0,6.55709,6.05377,6.28948,Proton
0,7.31233,5.3852,6.91189,Proton
0,7.31419,5.25969,7.38736,Proton
0,6.48446,5.34739,5.25943,Proton
0,5.13338,6.09491,6.08114,Proton
0,5.97634,6.16693,6.00299,Proton
0,6.52749,8.91243,2.5211,Proton
0,6.16945,8.87246,3.71657,Proton
0,5.95123,8.58851,4.68699,Proton
0,6.05922,8.65791,3.82627,Proton
0,6.13283,7.84334,3.95653,Proton
0,7.42195,8.29239,4.17619,Proton
0,7.18193,8.00336,4.64856,Proton
0,7.0403,8.42438,2.89119,Proton
0,6.62684,8.60488,2.67326,Proton
0,6.31208,8.27931,3.05692,Proton
0,7.45478,7.79676,2.88894,Proton
0,5.87693,8.5625,2.63677,Proton
0,6.08147,7.62625,3.13013,Proton
0,5.66771,7.72457,3.17987,Proton
0,5.58448,7.65788,2.57502,Proton
0,7.67432,8.85162,4.26524,Proton
0,8.97111,8.8928,4.60346,Proton
0,8.25949,8.45348,3.784,Proton
0,8.22393,8.06197,4.57467,Proton
0,7.59775,7.81722,3.37071,Proton
0,7.91226,8.48672,1.97697,Proton
0,7.71042,8.41566,1.68987,Proton
0,8.989,8.29179,1.33105,Proton
0,8.36028,8.40543,1.19701,Proton
0,8.43814,7.60127,1.01879,Proton
0,5.92867,8.97612,2.04978,Proton
0,6.4442,8.8483,1.17516,Proton
0,5.91931,8.28628,1.62941,Proton
0,5.74414,7.53782,2.32683,Proton
0,5.83484,7.76674,1.78127,Proton
0,5.37973,7.77569,1.03556,Proton
0,7.29712,7.06528,4.06812,Proton
0,6.53884,6.88638,4.18856,Proton
0,6.38411,6.58997,4.46718,Proton
0,6.63937,7.48602,2.5992,Proton
0,7.34798,6.69646,3.53409,Proton
0,5.31178,7.25027,2.57589,Proton
0,5.02192,5.90503,4.67196,Proton
0,6.06298,6.12979,4.92135,Proton
0,6.1308,6.12105,4.5997,Proton
0,5.40021,5.58743,4.1039,Proton
0,5.27045,5.11673,4.29083,Proton
0,7.22593,5.97933,4.98121,Proton
0,7.07691,5.82651,4.44946,Proton
0,6.72329,6.05629,3.8499,Proton
0,6.99083,5.66402,2.73866,Proton
0,7.24946,5.08131,3.26118,Proton
0,6.86842,5.19291,2.58302,Proton
0,5.64893,5.72011,3.69214,Proton
0,5.85883,5.21764,3.65791,Proton
0,7.83506,7.46906,4.9959,Proton
0,7.6435,7.46058,3.26411,Proton
0,8.56218,7.40997,2.68939,Proton
0,8.50609,6.67252,2.51041,Proton
0,8.04158,5.95736,4.46353,Proton
0,8.03195,5.89938,3.97379,Proton
0,8.64447,5.15153,4.39839,Proton
0,8.41551,5.52713,4.16127,Proton
0,8.92034,6.15375,3.36891,Proton
0,7.90934,5.67473,3.55637,Proton
0,7.84852,5.9325,1.92341,Proton
0,8.63494,5.95641,2.49375,Proton
0,7.58679,5.62661,1.57737,Proton
0,7.76855,5.31022,2.0881,Proton
0,5.80372,7.04353,1.80197,Proton
0,5.70987,6.7957,1.80469,Proton
0,6.87933,7.01672,1.62184,Proton
0,7.36771,6.31086,1.05104,Proton
0,6.03827,5.32448,2.0054,Proton
0,7.39502,5.87922,1.3976,Proton
0,6.6979,5.88259,1.48553,Proton
0,2.14134,8.83582,4.35527,Proton
0,1.07833,8.67808,3.91265,Proton
0,1.13073,7.61452,4.73702,Proton
0,2.0119,8.41589,4.01525,Proton
0,1.8448,8.74729,3.58486,Proton
0,2.29188,8.37835,3.14761,Proton
0,1.61778,7.53118,3.05489,Proton
0,3.64456,8.82746,4.91845,Proton
0,3.39796,8.79165,3.34576,Proton
0,3.46221,7.56043,3.80795,Proton
0,4.39337,8.06169,4.3658,Proton
0,3.98922,7.81393,4.01821,Proton
0,3.37758,8.52234,3.66033,Proton
0,3.38698,8.44343,2.51779,Proton
0,3.32909,7.92515,2.99095,Proton
0,2.64722,8.37668,1.58085,Proton
0,3.09448,8.12834,1.62187,Proton
0,3.00882,8.11655,1.47384,Proton
0,4.87458,8.72377,1.43357,Proton
0,4.08839,7.50813,1.57431,Proton
0,1.33155,7.72553,1.67321,Proton
0,1.49474,8.53817,1.21677,Proton
0,1.27421,8.41462,1.01088,Proton
0,1.02738,8.7271,1.08707,Proton
0,2.48334,7.18847,3.80547,Proton
0,1.70707,6.83555,4.13984,Proton
0,1.32476,6.49167,3.81964,Proton
0,2.47803,7.34196,3.2414,Proton
0,2.1563,7.02087,2.75833,Proton
0,1.99906,6.72028,3.57403,Proton
0,2.39298,6.76133,3.4033,Proton
0,2.10781,5.93964,3.00982,Proton
0,1.79442,6.03006,2.59088,Proton
0,1.52854,5.928,2.75232,Proton
0,3.63447,7.02934,4.78955,Proton
0,3.02301,6.63056,4.66031,Proton
0,3.71326,6.64403,4.24061,Proton
0,3.27142,6.73972,3.77411,Proton
0,4.35054,6.99947,4.50963,Proton
0,4.28836,7.02819,3.88685,Proton
0,4.63209,6.48311,4.73911,Proton
0,4.53384,6.8525,4.22242,Proton
0,4.73985,7.13874,2.71195,Proton
0,4.28496,7.2265,2.65057,Proton
0,4.23176,7.12206,2.6871,Proton
0,4.20748,6.96348,2.7326,Proton
0,4.15846,6.87588,2.73779,Proton
0,4.69963,6.81872,2.98918,Proton
0,2.75479,7.13143,3.73013,Proton
0,3.58471,5.23832,3.80779,Proton
0,4.06024,5.82335,4.52868,Proton
0,4.54256,5.15685,3.96958,Proton
0,3.96147,5.57562,4.27173,Proton
0,4.28684,5.61373,4.01009,Proton
0,4.05823,5.30561,3.89527,Proton
0,4.56646,5.92688,3.63021,Proton
0,4.66578,6.21838,2.92728,Proton
0,4.05753,5.66327,3.12061,Proton
0,3.72077,5.76576,3.42275,Proton
0,3.39371,6.17934,2.56887,Proton
0,3.27077,5.27622,3.36275,Proton
0,3.25777,7.13042,1.2824,Proton
0,2.76978,6.51331,2.06938,Proton
0,3.58748,6.51564,2.41687,Proton
0,3.80906,6.81455,1.93308,Proton
0,4.37875,6.63185,1.98903,Proton
0,3.90508,6.81221,1.74878,Proton
0,4.71797,5.85459,1.73249,Proton
0,4.7871,5.80759,1.26347,Proton
0,4.65956,5.35192,1.31378,Proton
0,2.11835,6.30185,1.35675,Proton
0,1.31006,6.21814,1.41567,Proton
0,2.21859,5.61424,2.06827,Proton
0,2.02234,5.4601,1.91794,Proton
0,1.94114,5.02194,1.79495,Proton
0,2.03135,4.92141,8.18965,Proton
0,2.1007,4.87346,8.07199,Proton
0,2.35826,4.96682,7.98597,Proton
0,1.74822,4.33766,8.46275,Proton
0,1.10387,3.99467,7.66773,Proton
0,2.31041,3.43104,7.7678,Proton
0,2.21906,3.15777,7.80666,Proton
0,3.88157,4.82052,8.81254,Proton
0,4.26464,3.88599,8.75335,Proton
0,4.09351,4.71619,8.29364,Proton
0,4.5447,4.44087,8.55662,Proton
0,4.83819,3.7654,7.64434,Proton
0,3.11495,4.62044,8.70652,Proton
0,2.67872,4.79912,7.78923,Proton
0,4.15286,3.25949,8.81574,Proton
0,3.68222,3.73203,8.21264,Proton
0,3.74511,3.18805,7.78459,Proton
0,2.66655,3.16414,7.96966,Proton
0,2.94078,2.84295,8.69293,Proton
0,3.57534,2.9853,8.55806,Proton
0,3.55727,4.34562,7.10838,Proton
0,2.81907,3.8447,6.69226,Proton
0,2.59356,3.8518,6.55631,Proton
0,4.6498,4.67423,7.04097,Proton
0,4.43002,4.10337,7.18219,Proton
0,2.62712,3.14563,7.20981,Proton
0,4.72099,3.49654,7.25544,Proton
0,4.88562,3.42616,7.23887,Proton
0,3.7576,3.43068,6.36663,Proton
0,3.76901,3.53012,5.40916,Proton
0,3.01786,2.81351,5.38367,Proton
0,1.24856,4.28342,6.32913,Proton
0,1.10693,4.09806,6.39951,Proton
0,1.90071,4.628,5.97428,Proton
0,1.90701,3.64894,7.22675,Proton
0,1.72647,2.25088,8.93488,Proton
0,2.2481,2.20261,7.86261,Proton
0,2.06316,1.72046,7.96557,Proton
0,2.23706,1.41241,7.89005,Proton
0,2.50958,2.49111,8.86834,Proton
0,3.97247,1.6822,8.1819,Proton
0,3.39038,2.09719,8.43782,Proton
0,3.27984,1.02621,8.99696,Proton
0,3.32358,1.10183,8.69105,Proton
0,2.97765,1.25317,6.63466,Proton
0,4.99134,1.97794,6.65686,Proton
0,4.17003,2.35034,6.61986,Proton
0,4.34506,2.23164,6.54842,Proton
0,4.06309,2.01062,6.64637,Proton
0,4.1398,1.35585,6.5282,Proton
0,3.44758,2.4507,6.02276,Proton
0,3.71135,2.10168,5.28051,Proton
0,2.85053,1.7797,5.17192,Proton
0,2.93966,1.46326,5.38819,Proton
0,1.12185,2.04688,6.38325,Proton
0,1.87461,2.12075,6.28948,Proton
0,1.87411,2.21698,5.99696,Proton
0,1.89285,2.41181,5.43268,Proton
0,7.08853,4.81454,8.71591,Proton
0,6.79126,3.821,8.26597,Proton
0,5.19596,4.79587,8.34332,Proton
0,5.27937,4.98827,7.84937,Proton
0,6.20729,3.85276,8.34787,Proton
0,6.36666,3.51784,8.81213,Proton
0,6.67121,3.41154,8.79477,Proton
0,6.60416,2.51496,8.28245,Proton
0,7.14643,2.67727,7.78788,Proton
0,5.14835,3.01551,8.16987,Proton
0,6.17793,2.88161,8.61293,Proton
0,5.84216,2.60297,8.34764,Proton
0,8.86033,4.5767,8.47731,Proton
0,8.74822,4.26353,8.49559,Proton
0,7.9866,3.53502,8.82961,Proton
0,8.84318,3.39304,8.12758,Proton
0,8.22274,3.25613,8.20103,Proton
0,8.71993,3.0383,7.61751,Proton
0,8.48555,2.89992,7.52477,Proton
0,7.81191,3.10391,8.06843,Proton
0,8.50013,4.48358,7.44281,Proton
0,8.39323,4.50011,5.91859,Proton
0,7.66896,4.92613,5.39803,Proton
0,8.6372,4.11258,5.67032,Proton
0,8.22987,4.28274,5.21513,Proton
0,7.61849,3.57116,6.91396,Proton
0,8.02497,3.60611,6.31267,Proton
0,8.49892,2.78451,7.11469,Proton
0,8.78793,3.09237,6.06484,Proton
0,8.25931,3.74903,5.43615,Proton
0,8.64543,3.12119,5.50074,Proton
0,7.91783,2.84609,5.24818,Proton
0,7.79167,2.75775,5.07003,Proton
0,5.05036,4.77851,7.38929,Proton
0,5.87584,4.30574,6.38472,Proton
0,7.11896,4.84966,7.14669,Proton
0,6.95695,4.74417,5.89271,Proton
0,6.40169,4.59913,5.44821,Proton
0,6.22996,4.69237,5.77186,Proton
0,5.60489,4.69703,5.39183,Proton
0,5.08961,3.72875,7.41834,Proton
0,5.1688,2.78255,7.37282,Proton
0,6.40664,3.31781,7.15409,Proton
0,6.88491,3.59829,5.13007,Proton
0,6.90814,3.58383,5.05805,Proton
0,6.3959,3.45699,5.14629,Proton
0,5.67527,3.29006,5.91404,Proton
0,6.48776,1.96395,8.46124,Proton
0,5.27617,2.03528,8.60725,Proton
0,5.1809,1.78,8.45762,Proton
0,5.39591,1.66218,8.50578,Proton
0,6.6192,1.15985,7.70714,Proton
0,8.91441,1.72898,8.98771,Proton
0,8.9852,1.96008,7.94104,Proton
0,8.80541,1.56659,8.23756,Proton
0,8.66267,1.41157,7.79624,Proton
0,7.71884,2.47017,7.41182,Proton
0,7.94369,1.56304,7.1419,Proton
0,7.60893,1.37926,6.66534,Proton
0,8.62012,2.23412,6.24292,Proton
0,7.92401,1.60599,5.58408,Proton
0,7.51476,1.38395,5.13504,Proton
0,7.1916,2.3025,7.25634,Proton
0,7.06499,1.86259,7.26518,Proton
0,7.13004,2.15952,5.68519,Proton
0,6.9196,1.54252,5.80988,Proton
0,6.157,1.53428,5.07257,Proton
0,5.45231,4.63597,4.97835,Proton
0,5.8267,4.87987,4.9845,Proton
0,6.1602,4.80094,4.28398,Proton
0,5.95422,4.19039,4.61747,Proton
0,5.49584,3.86336,4.08776,Proton
0,6.95965,4.98807,3.90431,Proton
0,6.34933,4.92251,4.08304,Proton
0,7.02658,4.07732,4.56753,Proton
0,6.30359,4.40815,3.43275,Proton
0,6.8546,4.66603,3.09928,Proton
0,6.72489,3.8358,3.21196,Proton
0,5.81968,3.94468,3.00703,Proton
0,6.89979,2.99737,3.89824,Proton
0,6.6051,3.61442,2.78494,Proton
0,6.59468,2.66153,3.66359,Proton
0,6.74381,2.93992,2.76846,Proton
0,5.22227,3.2744,3.49988,Proton
0,6.13478,3.50888,3.0806,Proton
0,6.09341,2.83504,3.21653,Proton
0,6.06546,2.69412,3.00806,Proton
0,7.97855,3.89982,3.80998,Proton
0,8.30651,4.65777,3.68876,Proton
0,8.71563,3.86534,2.93393,Proton
0,8.62709,3.29907,4.46072,Proton
0,7.55948,2.85115,4.51631,Proton
0,7.70015,2.98043,4.05628,Proton
0,8.82941,2.62316,3.91868,Proton
0,8.9832,2.77095,3.16762,Proton
0,8.20264,3.59896,3.32651,Proton
0,8.63375,2.97453,2.68733,Proton
0,8.53336,3.86289,1.71476,Proton
0,8.15278,3.24014,2.31296,Proton
0,7.76793,3.0262,2.40324,Proton
0,7.71372,2.88298,2.27102,Proton
0,8.58966,3.05981,2.14182,Proton
0,8.34465,2.78413,1.82381,Proton
0,8.9997,3.32187,1.23177,Proton
0,8.71556,3.00103,1.0706,Proton
0,5.60152,4.48994,1.82391,Proton
0,6.63557,4.53892,1.86761,Proton
0,5.65408,4.61737,1.17683,Proton
0,6.21291,2.51276,1.7299,Proton
0,7.01613,3.50742,1.75393,Proton
0,6.2937,3.38712,1.08229,Proton
0,6.24438,2.75297,1.17407,Proton
0,6.0681,2.3898,4.81341,Proton
0,5.20828,2.02629,4.06354,Proton
0,6.83336,1.87088,4.98832,Proton
0,6.29015,1.28715,4.99247,Proton
0,7.38919,1.71809,4.28706,Proton
0,7.03433,2.37,3.54271,Proton
0,7.22534,2.03731,3.68729,Proton
0,6.80456,1.26362,3.13286,Proton
0,7.17662,1.6213,3.52858,Proton
0,7.38301,1.58897,3.6894,Proton
0,6.86106,1.35567,2.70784,Proton
0,5.39893,2.35223,3.66076,Proton
0,5.49756,2.38545,2.92784,Proton
0,6.12774,1.31455,2.5207,Proton
0,5.26931,1.21443,4.84303,Proton
0,5.81106,1.06258,4.13791,Proton
0,8.19385,2.46165,4.2024,Proton
0,8.9098,2.02193,3.9385,Proton
0,8.59109,1.6332,3.27823,Proton
0,8.43593,1.59919,2.97984,Proton
0,8.29867,2.43287,2.07551,Proton
0,8.05837,1.98839,1.64198,Proton
0,5.76046,1.42075,1.69952,Proton
0,5.10677,1.59757,1.6492,Proton
0,6.3446,1.7976,1.39994,Proton
0,7.31816,1.79513,1.11378,Proton
0,7.09693,1.15585,1.45589,Proton
0,1.17241,4.67211,4.91091,Proton
0,1.488,4.46589,4.67217,Proton
0,1.40566,4.7209,4.21721,Proton
0,1.74777,4.78471,3.9146,Proton
0,1.26391,3.87009,4.42523,Proton
0,2.42848,3.91033,4.84248,Proton
0,2.48521,3.8764,4.25534,Proton
0,1.82786,4.27622,4.16553,Proton
0,1.55957,3.89513,3.71565,Proton
0,2.4611,4.12395,3.06772,Proton
0,1.41999,4.33744,2.59048,Proton
0,1.77952,3.82204,2.50336,Proton
0,1.0623,4.0067,3.27801,Proton
0,1.01874,3.59903,4.8742,Proton
0,1.05956,3.52188,3.7557,Proton
0,1.70391,3.42563,3.9207,Proton
0,2.41871,3.54198,3.17834,Proton
0,2.22968,2.80316,2.77935,Proton
0,2.87859,4.50021,4.72631,Proton
0,3.88793,3.90042,3.7884,Proton
0,4.48106,4.73787,2.76304,Proton
0,3.93311,4.63889,2.91395,Proton
0,3.37392,4.49811,3.20554,Proton
0,3.70517,4.55268,2.83556,Proton
0,3.45081,4.49505,2.99217,Proton
0,2.92536,2.79432,4.72468,Proton
0,3.30402,2.99504,3.97328,Proton
0,4.39626,2.5353,4.40435,Proton
0,4.98233,3.11545,4.00453,Proton
0,3.94304,3.04444,4.04996,Proton
0,3.86723,2.60588,3.49141,Proton
0,4.81268,2.56031,3.48424,Proton
0,4.85351,2.9544,2.54778,Proton
0,4.81914,2.58196,2.91447,Proton
0,3.77923,3.07084,2.64727,Proton
0,2.53834,3.65335,3.68338,Proton
0,3.36609,3.72028,3.10404,Proton
0,3.64729,4.03755,1.7911,Proton
0,4.77997,4.91356,1.94468,Proton
0,3.75295,4.74533,1.34223,Proton
0,3.75813,4.21763,2.4161,Proton
0,4.90888,4.27818,2.37209,Proton
0,4.821,3.7927,2.03086,Proton
0,2.82919,4.18535,1.05178,Proton
0,3.77037,3.28035,1.92262,Proton
0,4.70861,3.3284,2.11955,Proton
0,2.41255,4.6375,2.22178,Proton
0,1.44878,3.92265,2.38808,Proton
0,2.18261,3.85901,1.49168,Proton
0,2.02591,3.81714,1.06825,Proton
0,1.9099,2.6501,1.8229,Proton
0,1.36165,2.60968,1.0452,Proton
0,2.37736,2.33584,4.88877,Proton
0,2.30548,2.13241,4.63085,Proton
0,2.07992,1.97798,4.29546,Proton
0,1.95252,2.15832,4.0072,Proton
0,1.33563,1.98036,3.93397,Proton
0,1.81621,1.39385,3.79596,Proton
0,2.6261,1.68439,4.68981,Proton
0,2.53176,1.46416,4.87624,Proton
0,4.17823,2.09535,4.38773,Proton
0,4.36751,2.31101,4.03675,Proton
0,4.02749,1.38569,4.64733,Proton
0,4.84819,1.94538,3.36315,Proton
0,4.92706,1.59899,3.18314,Proton
0,4.50671,1.59424,2.67902,Proton
0,4.55536,1.52301,2.99537,Proton
0,3.1756,1.65935,3.00435,Proton
0,2.61035,1.76896,2.81066,Proton
0,3.6522,1.15702,4.49139,Proton
0,3.45419,1.19524,4.16823,Proton
0,2.55931,1.64078,1.6793,Proton
0,3.0466,1.41381,1.82123,Proton
0,4.64055,2.31178,1.40961,Proton
0,4.58251,1.35378,1.53423,Proton
0,1.3263,1.573,2.30467,Proton
0,1.71633,1.22786,1.38549,Proton
0,2.1966,8.63527,7.71701,Proton
0,1.07755,7.94229,8.44864,Proton
0,3.16178,8.66769,8.75646,Proton
0,3.06792,8.30193,8.88333,Proton
0,4.9564,8.64587,8.82061,Proton
0,4.29913,7.65011,8.7116,Proton
0,3.65914,8.89186,5.27844,Proton
0,2.61827,8.37387,6.98816,Proton
0,3.414,8.63968,6.84505,Proton
0,2.92985,8.60387,6.4484,Proton
0,2.84303,8.02618,7.48002,Proton
0,4.45621,8.34901,6.79546,Proton
0,3.09287,7.53119,5.90723,Proton
0,1.12952,8.26858,6.92854,Proton
0,1.09415,8.03288,6.48292,Proton
0,1.03803,8.53411,6.08963,Proton
0,1.04247,8.04855,6.22185,Proton
0,2.45575,7.2664,8.83032,Proton
0,1.19344,7.16493,7.69838,Proton
0,3.36789,7.2988,8.95511,Proton
0,3.75348,7.20817,8.60604,Proton
0,4.40941,6.96359,7.81742,Proton
0,4.88461,6.68237,8.52677,Proton
0,4.93434,6.6325,8.23771,Proton
0,4.45257,6.70754,7.77936,Proton
0,4.97496,6.33063,7.62543,Proton
0,2.50143,6.98341,7.97584,Proton
0,2.58963,6.57907,7.89472,Proton
0,4.47117,5.89515,8.1248,Proton
0,4.83238,5.26485,8.03578,Proton
0,2.94045,5.1078,8.57506,Proton
0,3.02888,5.00374,8.38081,Proton
0,3.39306,7.46542,6.76299,Proton
0,3.72474,6.59604,7.27816,Proton
0,4.77996,7.11329,7.0563,Proton
0,3.91484,6.69471,6.40553,Proton
0,3.99666,7.18301,5.34467,Proton
0,4.91067,6.79159,5.78118,Proton
0,2.72495,7.39274,6.1725,Proton
0,3.43602,7.43872,5.1091,Proton
0,3.20015,6.79831,5.39664,Proton
0,3.2182,5.26573,7.17841,Proton
0,3.60855,5.32889,6.63608,Proton
0,3.73374,5.41454,6.27638,Proton
0,4.66162,5.43903,7.17704,Proton
0,4.51897,6.16219,5.8987,Proton
0,2.89237,5.68314,5.99861,Proton
0,3.37078,5.7415,5.02582,Proton
0,1.0091,7.4074,6.4336,Proton
0,1.25309,6.63063,5.6108,Proton
0,1.07724,6.8314,5.15379,Proton
0,2.27208,5.63714,7.4632,Proton
0,1.97985,6.13304,6.44565,Proton
0,1.3879,5.54216,7.30658,Proton
0,1.6673,5.15649,7.24177,Proton
0,2.00843,6.15647,5.49767,Proton
0,2.25469,6.02838,5.02084,Proton
0,6.54186,8.77462,8.37442,Proton
0,7.07564,8.75043,7.59748,Proton
0,6.64628,8.60616,8.90238,Proton
0,7.3437,7.77386,8.98365,Proton
0,6.36367,8.14674,7.58045,Proton
0,7.44159,8.00676,8.2103,Proton
0,5.09962,8.61527,8.2441,Proton
0,6.15805,8.74474,8.11913,Proton
0,5.04693,8.565,8.04334,Proton
0,5.12918,8.02775,8.41341,Proton
0,5.90378,7.55349,8.34782,Proton
0,5.91781,7.72549,8.05098,Proton
0,5.3153,8.1124,7.9875,Proton
0,8.9058,8.97632,8.64799,Proton
0,8.49252,8.22437,8.21936,Proton
0,7.55173,8.58489,7.63987,Proton
0,8.07381,8.03183,8.26062,Proton
0,7.86531,7.50003,8.17364,Proton
0,8.62281,7.56447,6.28449,Proton
0,8.84359,8.13398,5.8614,Proton
0,8.90367,7.50063,5.7351,Proton
0,5.8732,8.77629,5.62025,Proton
0,5.72238,8.80559,5.34869,Proton
0,5.36606,8.61442,6.67022,Proton
0,6.01748,8.10958,6.63947,Proton
0,5.45165,8.00063,6.52286,Proton
0,7.16282,8.56183,7.33538,Proton
0,6.76886,7.9585,6.0514,Proton
0,5.63073,8.33048,5.28381,Proton
0,5.90327,7.66902,5.61847,Proton
0,5.75285,7.52443,5.13898,Proton
0,6.73983,6.70901,8.9042,Proton
0,7.02644,7.0428,8.34893,Proton
0,7.42919,6.46983,8.5985,Proton
0,6.97755,6.52293,7.56413,Proton
0,6.15666,7.2667,8.62265,Proton
0,5.26528,6.84756,8.37395,Proton
0,5.63152,6.29635,8.57459,Proton
0,6.29441,5.9555,8.74699,Proton
0,6.88883,5.29576,7.84368,Proton
0,5.95939,5.96724,8.36036,Proton
0,6.02768,5.14262,8.74972,Proton
0,8.76694,5.81536,8.16806,Proton
0,8.96032,5.16233,8.35216,Proton
0,8.86325,5.15401,8.31832,Proton
0,8.53903,5.86006,8.66746,Proton
0,8.14932,6.94137,7.49545,Proton
0,8.8501,6.48761,6.91047,Proton
0,7.80704,7.2052,5.54345,Proton
0,8.6719,6.74706,5.65073,Proton
0,7.50755,6.34065,5.27276,Proton
0,7.74568,5.40885,6.47884,Proton
0,7.84679,5.0038,6.30956,Proton
0,7.69541,5.03555,6.49212,Proton
0,5.03288,7.01646,7.13993,Proton
0,5.84459,7.11976,6.47833,Proton
0,6.14715,6.75202,6.40722,Proton
0,7.04177,6.98144,7.18697,Proton
0,6.46739,6.47053,5.94372,Proton
0,7.22727,6.45047,5.23514,Proton
0,6.13163,6.82005,5.11633,Proton
0,5.36701,5.76456,7.2692,Proton
0,6.61324,5.8312,6.32071,Proton
0,7.43708,5.34707,6.69588,Proton
0,7.121,6.14101,5.29666,Proton
0,6.73161,5.86641,5.35941,Proton
0,6.82609,5.03314,5.64136,Proton
0,5.84165,5.69942,5.0822,Proton
0,5.5146,5.42392,5.28803,Proton
0,7.46052,8.83011,4.23664,Proton
0,6.481,8.7956,3.60131,Proton
0,5.93274,8.17612,4.15278,Proton
0,6.29719,7.51917,4.77716,Proton
0,7.31905,7.79323,3.85064,Proton
0,6.85651,7.54014,4.23543,Proton
0,6.86064,7.50911,3.48987,Proton
0,8.7526,8.76673,2.83759,Proton
0,7.766,8.9104,2.61521,Proton
0,8.39696,8.67895,4.53554,Proton
0,8.23701,7.74609,4.6998,Proton
0,8.53355,7.81733,3.79452,Proton
0,8.6943,7.85987,3.67641,Proton
0,8.12426,8.29611,2.45895,Proton
0,8.73517,8.62103,2.19529,Proton
0,8.26028,8.37432,1.46905,Proton
0,5.46604,8.95576,1.25316,Proton
0,6.76087,8.54301,2.06167,Proton
0,7.25519,8.68478,1.87841,Proton
0,7.0913,8.70854,1.56939,Proton
0,6.83571,8.6062,1.79764,Proton
0,6.80641,8.46146,1.64142,Proton
0,6.5873,7.7202,1.93049,Proton
0,6.5141,7.74643,1.52888,Proton
0,6.97452,6.25429,4.99013,Proton
0,6.87696,7.16661,2.98739,Proton
0,6.83037,7.2996,2.92565,Proton
0,6.80388,7.03818,2.58418,Proton
0,7.19892,6.5704,3.07508,Proton
0,5.42633,7.15751,3.3588,Proton
0,5.41078,5.80012,4.94309,Proton
0,5.81708,6.23869,4.11178,Proton
0,7.3626,6.23025,4.96136,Proton
0,7.4392,5.74041,4.73107,Proton
0,7.2266,5.31085,4.92188,Proton
0,6.78254,5.02646,4.18512,Proton
0,6.60363,5.95655,3.51409,Proton
0,7.37342,5.67223,2.79886,Proton
0,7.3108,5.21703,3.16028,Proton
0,5.73144,6.03075,3.74488,Proton
0,5.09764,5.57955,2.76997,Proton
0,8.62132,7.13326,4.44377,Proton
0,8.06368,7.19629,3.13145,Proton
0,8.0657,6.74269,3.73883,Proton
0,7.84507,6.14769,4.51195,Proton
0,7.55406,5.87076,4.87527,Proton
0,8.63683,5.95755,3.47758,Proton
0,8.35822,5.87425,2.72603,Proton
0,7.94569,5.74218,2.67416,Proton
0,7.85825,5.15184,2.94079,Proton
0,8.26925,6.61314,1.88343,Proton
0,8.43356,6.34115,1.13593,Proton
0,8.69174,5.83217,1.73109,Proton
0,8.61673,5.52466,2.29211,Proton
0,5.24184,6.99958,2.18705,Proton
0,5.87626,7.25408,2.13075,Proton
0,6.11454,6.34939,2.25601,Proton
0,6.72933,7.37712,2.27362,Proton
0,6.25988,6.64269,2.46273,Proton
0,6.83092,6.44806,2.10296,Proton
0,6.28843,6.53718,1.89018,Proton
0,7.2474,7.28235,1.04197,Proton
0,5.77037,5.41885,1.58366,Proton
0,6.0923,5.51407,1.30141,Proton
0,7.12793,5.42189,1.13718,Proton
0,1.69656,8.18438,4.1806,Proton
0,1.35167,7.83794,4.65045,Proton
0,2.41786,8.2408,3.22058,Proton
0,1.88273,7.56168,2.86327,Proton
0,2.19413,7.50946,2.89102,Proton
0,1.21274,7.72179,2.72898,Proton
0,2.96547,8.63111,4.83402,Proton
0,2.52962,8.61578,3.78611,Proton
0,3.44045,7.72988,4.59344,Proton
0,3.51078,8.01832,3.87199,Proton
0,3.96422,8.3515,4.64864,Proton
0,4.55574,8.52438,3.98052,Proton
0,3.76575,8.49732,3.11564,Proton
0,4.10532,8.58941,3.11452,Proton
0,4.6629,8.05626,3.53604,Proton
0,4.00963,7.56864,2.96656,Proton
0,2.51889,8.24576,2.96383,Proton
0,2.91036,7.78737,3.34484,Proton
0,3.24859,8.7816,2.46556,Proton
0,3.49119,8.80327,1.99756,Proton
0,2.93764,8.81933,1.44546,Proton
0,4.74886,8.7973,2.47045,Proton
0,2.92363,8.73576,2.36604,Proton
0,3.51962,8.07883,1.30628,Proton
0,2.75148,7.58676,1.63223,Proton
0,2.66506,7.52602,1.30992,Proton
0,4.29408,7.99169,2.28227,Proton
0,4.09887,7.76221,1.59481,Proton
0,2.4395,8.9496,1.73991,Proton
0,1.39502,8.89134,1.05685,Proton
0,2.42627,8.3532,2.04813,Proton
0,1.46104,8.73645,1.64126,Proton
0,2.00327,7.58116,1.37354,Proton
0,1.8274,7.89173,1.4192,Proton
0,1.26661,8.31445,1.23919,Proton
0,1.23148,6.33858,4.90588,Proton
0,1.59344,6.64864,4.011,Proton
0,1.84271,6.90719,2.51057,Proton
0,2.33911,6.57118,2.64035,Proton
0,1.03586,6.53197,3.57911,Proton
0,1.10708,6.43148,3.32962,Proton
0,1.30941,5.76074,3.81668,Proton
0,1.74533,5.21068,3.99488,Proton
0,1.45991,5.93556,2.71637,Proton
0,3.23302,6.67584,4.00314,Proton
0,2.51648,6.82895,4.06058,Proton
0,4.93414,6.71171,4.84667,Proton
0,4.87039,6.52877,4.08217,Proton
0,4.59895,6.29428,3.83762,Proton
0,3.98283,6.64291,3.44722,Proton
0,4.35803,6.30172,3.13258,Proton
0,2.92187,7.479,3.10217,Proton
0,2.99948,5.7366,4.76736,Proton
0,4.11879,5.92997,4.2336,Proton
0,4.27518,6.05541,3.1975,Proton
0,3.88282,6.06173,2.82403,Proton
0,3.69673,6.93696,1.3735,Proton
0,3.75651,7.474,2.2463,Proton
0,3.81296,6.93103,2.48319,Proton
0,4.86856,7.03676,1.52905,Proton
0,3.8248,6.47254,2.30217,Proton
0,3.99003,6.58766,1.04222,Proton
0,3.8786,6.27346,1.05331,Proton
0,2.63966,7.19055,1.2329,Proton
0,3.61854,5.95298,2.14584,Proton
0,3.49557,6.0751,1.76377,Proton
0,3.13605,5.7815,1.86405,Proton
0,2.6502,5.79841,1.85145,Proton
0,3.66113,5.41099,1.75395,Proton
0,4.57833,5.74045,1.57307,Proton
0,3.24226,5.06824,1.22743,Proton
0,2.36737,6.62481,1.37407,Proton
0,1.69957,6.35516,1.21583,Proton
0,2.18884,6.12734,2.11663,Proton
0,2.16767,5.9513,1.9786,Proton
0,1.64648,5.82262,1.29294,Proton
0,1.2526,5.92527,1.31209,Proton
0,2.0965,4.27573,7.53808,Proton
0,1.79864,3.97499,7.77578,Proton
0,2.1433,2.54032,8.08368,Proton
0,4.72411,4.29385,8.64662,Proton
0,4.49031,3.85681,8.18755,Proton
0,3.24744,4.81156,8.20796,Proton
0,3.40497,4.99919,7.55605,Proton
0,3.64379,4.37732,7.98156,Proton
0,3.35303,4.18342,8.01484,Proton
0,2.6758,3.76995,7.98432,Proton
0,4.84652,3.66579,7.88691,Proton
0,3.08388,2.78414,8.64442,Proton
0,2.65022,4.30514,6.96144,Proton
0,2.50804,4.01115,6.95878,Proton
0,4.55124,4.48012,6.9102,Proton
0,4.88192,3.99897,7.39872,Proton
0,4.94077,3.839,7.10535,Proton
0,4.92299,4.64644,5.98182,Proton
0,4.60396,4.45702,5.24353,Proton
0,4.88113,3.8134,6.13187,Proton
0,2.89924,4.76946,5.47288,Proton
0,3.04605,4.69526,5.54715,Proton
0,2.70355,4.78977,5.24755,Proton
0,3.05118,4.43293,5.18341,Proton
0,2.52478,4.19329,5.06077,Proton
0,3.47919,3.46531,7.13364,Proton
0,3.10534,3.18666,6.38931,Proton
0,3.66006,2.72489,7.1316,Proton
0,3.53656,2.62445,7.18043,Proton
0,3.92446,3.08131,7.4858,Proton
0,4.11423,3.12065,7.31151,Proton
0,4.60796,3.40622,6.15385,Proton
0,2.68045,3.22886,5.47335,Proton
0,2.54246,2.78203,5.64951,Proton
0,1.64611,4.92931,6.93204,Proton
0,2.44247,4.51451,7.25024,Proton
0,1.50944,4.00216,6.88431,Proton
0,2.10533,4.05816,5.17059,Proton
0,1.52784,3.91896,5.61377,Proton
0,1.22441,4.33745,6.00634,Proton
0,1.03491,2.78494,7.3881,Proton
0,2.38881,3.71138,7.4897,Proton
0,2.09202,3.63994,7.05548,Proton
0,1.89533,3.34629,7.21952,Proton
0,2.24277,3.13984,7.02776,Proton
0,2.19167,2.93032,7.29509,Proton
0,2.49424,2.91814,7.16187,Proton
0,1.89677,3.06745,7.13608,Proton
0,2.13976,3.50264,5.55332,Proton
0,1.86667,2.80822,5.29649,Proton
0,2.44416,1.29758,7.7493,Proton
0,3.13197,2.0943,8.93394,Proton
0,4.12013,1.97917,7.87062,Proton
0,4.63661,1.46482,7.79135,Proton
0,2.76907,2.49271,7.83923,Proton
0,3.3978,1.59842,8.02905,Proton
0,3.47143,1.61377,8.08684,Proton
0,3.09958,1.09542,8.77085,Proton
0,4.91341,1.0852,8.18638,Proton
0,2.65401,1.84989,7.14622,Proton
0,2.60083,1.72968,6.8682,Proton
0,4.53652,1.6492,7.10542,Proton
0,3.07911,1.40472,5.8567,Proton
0,1.19036,1.83225,6.67296,Proton
0,1.71096,1.9128,5.80745,Proton
0,1.38321,1.65317,5.5268,Proton
0,5.11993,4.88417,7.67705,Proton
0,6.61036,2.91146,8.57154,Proton
0,6.9266,2.82206,8.73453,Proton
0,7.2288,3.11687,8.27465,Proton
0,5.50718,3.50502,8.46027,Proton
0,5.14702,3.15333,7.54723,Proton
0,5.0434,3.01475,8.53917,Proton
0,7.67373,3.14716,8.77813,Proton
0,8.83332,2.95686,8.7808,Proton
0,7.97862,4.53123,7.25515,Proton
0,8.05727,4.4114,6.633,Proton
0,7.50752,3.91594,6.45501,Proton
0,7.68293,4.75348,5.49031,Proton
0,7.82669,4.98204,5.58093,Proton
0,8.50222,3.95324,5.88312,Proton
0,8.72962,3.88105,5.87591,Proton
0,8.63779,4.32755,5.56471,Proton
0,7.51864,4.33275,5.37558,Proton
0,8.50958,3.59707,6.89941,Proton
0,8.16888,3.31011,6.54624,Proton
0,8.8731,2.7395,6.20308,Proton
0,7.69098,3.48915,5.07022,Proton
0,8.5635,2.597,5.64291,Proton
0,8.61007,2.62832,5.09965,Proton
0,8.33495,2.64736,5.25474,Proton
0,5.44718,4.6759,6.38065,Proton
0,7.43056,4.76124,6.88382,Proton
0,6.93317,4.45978,7.28078,Proton
0,7.05991,4.64218,6.34628,Proton
0,6.77169,4.72956,6.72543,Proton
0,6.51071,4.39458,6.07072,Proton
0,7.18199,4.31962,5.63788,Proton
0,6.3164,4.36909,5.53069,Proton
0,5.21386,4.98348,5.80746,Proton
0,5.34525,4.48948,5.27664,Proton
0,5.84421,3.82916,5.70269,Proton
0,5.44876,4.15771,5.18453,Proton
0,6.01682,3.73819,7.11174,Proton
0,6.18907,3.30202,7.33755,Proton
0,6.74195,3.54973,7.2952,Proton
0,7.4529,3.43517,7.07936,Proton
0,7.13087,3.68734,6.66257,Proton
0,7.07341,3.45718,6.85098,Proton
0,6.98722,3.17047,6.46403,Proton
0,6.46875,3.59433,6.32289,Proton
0,6.54911,3.33881,6.71413,Proton
0,7.10244,1.96392,8.32018,Proton
0,7.04668,2.44087,7.92405,Proton
0,5.62806,1.33769,8.16594,Proton
0,8.40178,1.81324,8.46209,Proton
0,7.63244,1.89023,7.36301,Proton
0,8.55318,2.1468,7.45385,Proton
0,8.44314,1.08637,7.09479,Proton
0,8.54977,1.24831,6.291,Proton
0,8.98648,1.15033,5.6301,Proton
0,5.44342,2.47769,7.15056,Proton
0,6.93753,1.91816,7.48892,Proton
0,7.11538,2.24452,5.81504,Proton
0,6.94737,1.89087,5.53862,Proton
0,7.28951,1.4252,5.75691,Proton
0,7.04791,1.3931,5.70684,Proton
0,6.29238,1.60346,5.45539,Proton
0,5.76705,2.00823,5.34119,Proton
0,6.01481,1.76572,5.70727,Proton
0,5.37885,1.1697,7.43727,Proton
0,6.84094,1.15667,5.5779,Proton
0,5.05263,4.75032,4.89006,Proton
0,5.3416,4.2995,4.73811,Proton
0,7.11883,4.70999,4.77736,Proton
0,7.20321,4.07947,3.8738,Proton
0,6.05975,4.80458,2.6043,Proton
0,5.89466,4.07524,3.29389,Proton
0,6.1542,3.07832,4.54034,Proton
0,6.7103,3.39023,4.63392,Proton
0,7.16943,2.88131,3.87108,Proton
0,6.77464,3.71127,3.52289,Proton
0,6.00601,2.50487,3.09114,Proton
0,8.50575,4.66099,3.11221,Proton
0,8.37557,3.61344,4.12358,Proton
0,8.50718,3.27056,4.18197,Proton
0,7.84579,3.39527,3.77776,Proton
0,7.52717,3.29855,3.78206,Proton
0,8.67322,2.65912,3.77331,Proton
0,8.82194,3.74682,4.64377,Proton
0,8.99781,2.7591,3.14623,Proton
0,8.06643,2.62295,3.59805,Proton
0,8.53559,2.98988,2.66393,Proton
0,8.17358,4.26224,1.87325,Proton
0,8.06159,4.11759,1.69685,Proton
0,8.16391,3.65111,1.26899,Proton
0,8.46922,3.34829,1.76022,Proton
0,7.81815,3.52599,1.35722,Proton
0,8.12568,2.80998,1.64822,Proton
0,7.89241,2.99762,1.75529,Proton
0,8.941,3.38966,2.02831,Proton
0,5.37572,4.25674,2.02787,Proton
0,6.46714,4.20951,2.41275,Proton
0,7.19971,3.96167,1.58358,Proton
0,6.31012,4.21085,1.00067,Proton
0,5.19524,2.95016,1.55348,Proton
0,5.62447,2.75903,1.28621,Proton
0,7.13675,3.59162,1.8585,Proton
0,7.09268,3.69451,1.17026,Proton
0,5.70194,3.31325,1.14515,Proton
0,5.91026,2.44686,4.47093,Proton
0,6.22746,2.29622,4.11364,Proton
0,5.18637,1.45124,4.53738,Proton
0,5.71014,1.63289,4.67192,Proton
0,6.73361,2.41729,4.66679,Proton
0,6.44296,1.98068,4.74888,Proton
0,6.56048,2.19299,3.22242,Proton
0,6.36959,2.29664,2.70667,Proton
0,6.1848,2.20452,3.02928,Proton
0,6.0825,1.66738,2.86219,Proton
0,5.69948,1.59797,2.62471,Proton
0,5.02996,1.68622,2.82588,Proton
0,8.74175,2.3817,4.92836,Proton
0,8.98275,1.72649,4.35668,Proton
0,7.52997,1.40967,3.68962,Proton
0,8.228,1.43795,3.41893,Proton
0,7.84811,2.39785,2.40118,Proton
0,8.16713,2.43951,2.29495,Proton
0,8.17857,1.43123,1.57814,Proton
0,7.51274,1.76295,1.03778,Proton
0,8.98651,1.01307,1.94809,Proton
0,6.20607,2.18171,1.68222,Proton
0,6.3854,2.1304,2.45283,Proton
0,6.66902,1.44075,1.85102,Proton
0,6.31754,1.70341,1.08919,Proton
0,1.06078,4.85567,4.4506,Proton
0,1.14021,4.74465,4.48216,Proton
0,2.28984,3.50051,3.89581,Proton
0,1.25783,3.27596,4.35023,Proton
0,1.3519,2.98266,4.70896,Proton
0,2.41245,2.95886,4.5467,Proton
0,1.93839,3.16956,3.30701,Proton
0,1.36211,2.75101,3.33843,Proton
0,2.27111,2.58089,2.87476,Proton
0,3.01473,4.50829,4.32987,Proton
0,2.5431,4.15917,4.34989,Proton
0,4.41162,4.39049,3.75192,Proton
0,4.06312,3.96402,4.86163,Proton
0,4.31416,4.7807,2.5558,Proton
0,4.92996,4.34766,3.67438,Proton
0,4.45951,4.224,2.94979,Proton
0,3.84243,3.94389,3.0616,Proton
0,3.91142,3.95732,2.6171,Proton
0,3.40431,4.47089,3.16613,Proton
0,2.79966,3.94611,3.24183,Proton
0,3.62549,3.51769,3.86508,Proton
0,3.24507,3.1639,4.14725,Proton
0,2.96885,2.65713,4.70452,Proton
0,2.98232,2.97625,4.34754,Proton
0,2.89282,2.72289,4.04761,Proton
0,4.75199,3.57853,4.8428,Proton
0,4.34761,2.97479,4.0716,Proton
0,3.37286,2.50534,2.68093,Proton
0,2.767,4.2619,1.75257,Proton
0,4.43468,4.90061,1.897,Proton
0,4.17162,4.87878,1.76368,Proton
0,2.69102,2.55087,1.96552,Proton
0,3.70016,2.75417,2.1935,Proton
0,4.2518,2.83991,2.0537,Proton
0,4.30761,2.50359,2.04523,Proton
0,2.70909,3.20376,1.05139,Proton
0,1.00035,3.98398,2.35556,Proton
0,1.03375,3.07419,2.27242,Proton
0,1.16242,2.79476,2.27961,Proton
0,1.62277,2.8303,2.25369,Proton
0,2.07878,2.94344,1.25006,Proton
0,2.12595,2.59051,1.2801,Proton
0,1.8073,2.91137,1.79599,Proton
0,1.79913,2.889,1.76715,Proton
0,1.4245,3.10334,1.17262,Proton
0,1.1794,2.85013,1.23759,Proton
0,1.63376,2.24648,4.92301,Proton
0,2.12324,2.3372,4.60987,Proton
0,1.60599,1.51056,3.85805,Proton
0,2.3581,2.18893,3.13039,Proton
0,2.03612,1.87794,3.40062,Proton
0,2.32504,2.35096,2.61857,Proton
0,1.74288,1.7079,3.66846,Proton
0,2.07563,1.52671,2.52869,Proton
0,1.73911,1.45631,3.11657,Proton
0,1.44633,1.03108,4.95961,Proton
0,2.79046,1.92226,4.43604,Proton
0,3.38258,2.09888,4.12393,Proton
0,2.7167,2.25249,3.7578,Proton
0,3.77,2.00314,3.94588,Proton
0,3.88408,1.38346,3.76751,Proton
0,2.82253,1.15635,3.9072,Proton
0,3.78399,1.09894,3.65407,Proton
0,4.32743,1.11915,2.62991,Proton
0,3.48195,1.58267,1.4858,Proton
0,3.46569,1.35,1.4689,Proton
0,4.26216,1.48183,2.28881,Proton
0,4.57377,1.5604,2.19656,Proton
0,4.03664,1.46497,1.66104,Proton
0,3.12619,1.90497,1.13187,Proton
0,3.06342,1.52845,1.11493,Proton
0,3.88929,1.1477,1.19069,Proton
0,1.46521,1.02466,1.0167,Proton
0,2.36324,8.98224,7.71126,Proton
0,2.22686,8.48636,8.89759,Proton
0,2.11647,8.57667,7.87564,Proton
0,1.56005,7.79376,8.70913,Proton
0,1.63204,7.79499,8.59638,Proton
0,1.03601,7.86135,8.20975,Proton
0,3.26802,8.82884,8.34505,Proton
0,2.58513,7.8658,8.82083,Proton
0,4.02264,8.53247,8.64739,Proton
0,3.78373,8.31612,7.61071,Proton
0,3.8888,8.79405,6.8214,Proton
0,3.62667,8.11468,7.12887,Proton
0,4.30473,8.5136,7.13838,Proton
0,4.82038,8.26729,5.75143,Proton
0,4.99356,8.61743,5.46558,Proton
0,3.84068,8.16559,5.4318,Proton
0,3.10462,8.25379,5.71536,Proton
0,3.26169,8.08282,5.75604,Proton
0,1.75648,7.94326,7.27294,Proton
0,2.16126,7.79187,7.03255,Proton
0,1.16861,7.95877,5.85675,Proton
0,1.95643,7.19264,8.76577,Proton
0,1.71429,7.35748,7.79654,Proton
0,2.06408,5.89501,8.24089,Proton
0,2.2365,5.25249,7.51384,Proton
0,1.17903,5.97956,8.29489,Proton
0,1.05525,5.13628,8.15723,Proton
0,4.12553,6.91314,8.8405,Proton
0,3.22159,6.83598,8.36781,Proton
0,2.76205,5.88965,8.95342,Proton
0,4.71208,5.86817,8.27782,Proton
0,4.572,6.13173,8.05195,Proton
0,4.98873,5.34157,8.67726,Proton
0,4.27825,5.26916,7.65717,Proton
0,2.77185,5.86697,8.42285,Proton
0,3.326,6.04956,8.43142,Proton
0,3.7394,6.21024,7.75674,Proton
0,3.17743,5.74926,7.97573,Proton
0,3.42787,5.1988,7.90539,Proton
0,3.73605,5.29277,8.0708,Proton
0,3.04463,7.30161,7.49001,Proton
0,3.94729,6.85423,6.47379,Proton
0,4.2308,6.93026,5.84916,Proton
0,3.76844,7.16818,5.77956,Proton
0,4.97375,7.37697,5.30027,Proton
0,4.93743,6.56245,5.30358,Proton
0,3.23464,6.58874,6.15626,Proton
0,2.65314,5.70171,6.27398,Proton
0,2.72788,5.1044,7.27332,Proton
0,4.11701,5.52999,7.45693,Proton
0,4.834,5.90034,6.07866,Proton
0,4.88154,5.71284,5.13961,Proton
0,4.61254,5.89041,5.09934,Proton
0,1.18551,6.70549,7.16123,Proton
0,2.44388,7.23321,7.15331,Proton
0,1.31682,7.25522,6.64149,Proton
0,2.22031,6.72847,6.88096,Proton
0,2.20097,6.50592,7.10485,Proton
0,1.50745,6.35641,6.6677,Proton
0,1.62898,7.03461,5.71113,Proton
0,1.9599,6.62844,6.18708,Proton
0,1.29087,6.31835,5.04284,Proton
0,1.24699,6.71454,5.61377,Proton
0,1.15982,6.06163,6.70363,Proton
0,1.77362,5.46803,7.1795,Proton
0,1.92759,5.35179,7.47825,Proton
0,1.6815,5.54979,6.26119,Proton
0,1.72009,6.1435,6.04073,Proton
0,1.43506,5.9877,5.42441,Proton
0,2.3079,5.62194,5.31381,Proton
0,7.4095,8.94758,8.39105,Proton
0,7.11224,8.84793,8.40208,Proton
0,6.94671,8.94044,7.59545,Proton
0,5.09886,8.8644,8.21459,Proton
0,7.31139,8.11023,8.58474,Proton
0,7.64571,8.84365,8.80462,Proton
0,8.44306,8.85356,8.4031,Proton
0,8.76438,7.71211,7.89093,Proton
0,7.65529,8.47067,7.54928,Proton
0,7.9819,7.72001,8.13404,Proton
0,7.79919,8.80337,5.57315,Proton
0,8.37364,8.0497,7.15994,Proton
0,8.35084,7.73751,6.81648,Proton
0,8.5831,7.54227,6.47643,Proton
0,7.58047,8.39683,6.11183,Proton
0,8.05699,7.90212,5.27693,Proton
0,6.91861,8.87119,5.39313,Proton
0,5.94664,8.8152,5.4616,Proton
0,5.54499,8.96715,5.45083,Proton
0,5.61079,8.79918,5.27341,Proton
0,5.45824,8.70406,6.29409,Proton
0,5.45397,7.96777,6.85827,Proton
0,6.47428,8.21294,6.90696,Proton
0,7.43915,8.59137,5.70383,Proton
0,7.08751,7.91717,5.00019,Proton
0,5.42426,8.65493,5.76437,Proton
0,5.03558,7.86823,5.76325,Proton
0,6.02802,7.57479,5.19148,Proton
0,5.01013,8.09106,5.53845,Proton
0,6.19197,7.48866,8.96122,Proton
0,7.43083,6.98235,7.68668,Proton
0,5.60185,6.42921,8.28571,Proton
0,5.86898,6.28943,8.17249,Proton
0,5.95004,6.47848,7.67093,Proton
0,6.75853,5.65552,7.77211,Proton
0,6.63203,5.4252,8.69342,Proton
0,5.3899,6.00255,8.49057,Proton
0,5.17793,6.0387,8.15963,Proton
0,5.6234,5.01824,8.38204,Proton
0,8.87592,7.063,7.55384,Proton
0,7.86813,7.37428,8.4894,Proton
0,8.27304,7.34253,6.97327,Proton
0,7.5758,6.48659,7.20686,Proton
0,8.4587,6.54478,7.03435,Proton
0,8.7556,7.39901,7.3974,Proton
0,8.91952,7.31057,6.70895,Proton
0,8.7437,6.87603,5.04801,Proton
0,8.08686,7.29433,5.09747,Proton
0,7.99866,7.06996,5.51509,Proton
0,7.70546,6.18218,7.17758,Proton
0,8.08154,5.83619,7.45047,Proton
0,8.95619,5.78304,5.15791,Proton
0,8.99328,5.5187,6.23518,Proton
0,7.71827,6.2357,5.76772,Proton
0,6.00976,6.49859,7.48159,Proton
0,7.07377,6.47159,7.45207,Proton
0,7.02603,6.27867,7.32572,Proton
0,6.91852,6.6096,6.12911,Proton
0,6.75061,6.49291,5.53511,Proton
0,6.1083,7.15773,5.29615,Proton
0,6.20157,6.38931,6.1191,Proton
0,5.12527,6.02191,6.84582,Proton
0,5.18713,5.1741,6.36471,Proton
0,7.33472,5.56327,6.9034,Proton
0,6.9584,5.35682,6.89089,Proton
0,7.1716,5.42862,6.66468,Proton
0,6.36927,5.84134,6.16064,Proton
0,6.77065,8.97676,3.73213,Proton
0,5.85315,8.9785,3.40425,Proton
0,5.4727,8.31255,4.71534,Proton
0,5.05831,8.24092,4.33346,Proton
0,6.38226,8.64251,4.97474,Proton
0,6.65413,7.79938,3.2766,Proton
0,5.81796,8.68408,3.64668,Proton
0,5.71399,8.58219,3.15193,Proton
0,5.74858,7.50886,3.37573,Proton
0,8.48054,8.82309,4.19537,Proton
0,7.59887,8.8483,4.00135,Proton
0,7.91624,8.04023,1.40192,Proton
0,6.5146,8.78752,1.1951,Proton
0,5.96993,8.5751,1.49539,Proton
0,5.32927,8.00334,2.29716,Proton
0,6.35751,7.67597,2.47909,Proton
0,6.69581,7.62856,2.40327,Proton
0,6.9916,7.80907,2.12994,Proton
0,6.62974,8.50999,1.07898,Proton
0,5.32119,7.029,4.38742,Proton
0,6.24531,6.94127,4.97052,Proton
0,6.8718,6.90587,3.68107,Proton
0,7.27668,7.15762,3.11867,Proton
0,7.47408,7.13847,3.11588,Proton
0,5.64119,7.00216,2.89955,Proton
0,6.15203,6.61786,2.5979,Proton
0,5.48464,6.07656,4.20036,Proton
0,5.49387,5.85037,3.79461,Proton
0,5.56428,5.45426,4.61592,Proton
0,5.76766,5.51076,4.74518,Proton
0,5.72207,5.20762,4.97121,Proton
0,5.01152,5.45701,3.62,Proton
0,5.39499,5.24192,3.44293,Proton
0,6.20243,5.30739,3.2316,Proton
0,5.93023,5.51225,2.89465,Proton
0,5.80565,5.35776,2.66336,Proton
0,8.41856,6.67003,4.89968,Proton
0,8.87521,6.52077,4.89302,Proton
0,8.82793,6.52414,3.94883,Proton
0,7.57444,6.76039,3.68688,Proton
0,8.63345,5.11544,4.94139,Proton
0,7.76199,5.41672,3.77161,Proton
0,7.67356,6.21487,3.65797,Proton
0,8.64005,6.94071,1.2793,Proton
0,8.97312,6.50235,2.49071,Proton
0,8.33008,6.18251,2.05156,Proton
0,7.67527,5.03156,1.54112,Proton
0,5.41945,7.23579,1.49261,Proton
0,5.21119,6.43256,1.43676,Proton
0,7.36057,6.45188,1.08258,Proton
0,6.00134,6.64987,1.14359,Proton
0,5.16084,6.08356,1.98999,Proton
0,5.31363,5.07082,2.32038,Proton
0,6.23521,5.18031,1.97801,Proton
0,5.32436,5.39943,1.52875,Proton
0,7.06613,5.48228,1.22206,Proton
0,1.75019,8.78049,4.81068,Proton
0,2.2931,8.54513,3.7846,Proton
0,2.06211,8.65868,3.75354,Proton
0,1.74899,8.58914,3.78316,Proton
0,1.94566,7.87344,4.85985,Proton
0,1.90325,7.74348,4.8026,Proton
0,2.01159,7.53578,4.39444,Proton
0,2.37225,7.73348,4.3385,Proton
0,1.27965,7.53468,4.22856,Proton
0,2.0778,8.21364,3.19845,Proton
0,2.09785,8.45297,2.84257,Proton
0,3.28971,8.76773,4.80469,Proton
0,3.22534,8.94977,3.81237,Proton
0,3.37884,7.50997,3.87047,Proton
0,4.53509,8.27829,4.83066,Proton
0,4.79442,8.03426,4.89286,Proton
0,4.38394,7.85377,4.29126,Proton
0,4.50734,8.25206,3.42425,Proton
0,4.91382,8.45816,2.50323,Proton
0,3.45282,8.57402,2.77762,Proton
0,2.97588,7.51462,3.71835,Proton
0,4.48028,8.94267,2.1721,Proton
0,2.50534,7.82832,1.88154,Proton
0,3.72613,7.57992,1.75694,Proton
0,4.17038,8.22481,2.32406,Proton
0,3.89797,7.90091,1.95016,Proton
0,2.0484,8.21668,1.26667,Proton
0,1.70265,8.46684,1.63449,Proton
0,1.67123,7.51785,2.17874,Proton
0,1.83549,7.5558,1.59192,Proton
0,1.77581,7.17379,4.42898,Proton
0,1.3784,7.24269,3.46226,Proton
0,1.59704,7.0715,3.42594,Proton
0,2.40678,7.04109,3.51358,Proton
0,2.47098,6.82239,2.81473,Proton
0,1.11089,6.7475,3.25294,Proton
0,1.22133,6.52295,3.60886,Proton
0,2.15791,6.19462,2.6855,Proton
0,1.34856,5.1902,3.4203,Proton
0,1.48801,5.57272,2.66887,Proton
0,2.79941,7.2981,4.6103,Proton
0,3.07418,6.68112,4.02485,Proton
0,4.21327,6.55421,4.00706,Proton
0,4.23009,6.56223,4.0438,Proton
0,4.09677,6.28593,3.47897,Proton
0,4.53089,6.51964,3.58898,Proton
0,4.55725,6.77336,2.74067,Proton
0,3.42581,6.62639,3.55781,Proton
0,3.04325,5.76879,4.62978,Proton
0,3.03022,5.65279,4.3007,Proton
0,3.26471,5.51814,4.18561,Proton
0,4.00697,5.72467,4.47481,Proton
0,3.97746,6.14077,3.85845,Proton
0,4.17097,5.39503,4.90212,Proton
0,3.87471,5.11139,3.69639,Proton
0,4.23609,5.22523,3.00179,Proton
0,2.51264,5.94397,3.30681,Proton
0,3.39596,5.30001,3.27712,Proton
0,3.09675,5.50164,3.0343,Proton
0,3.08551,6.46946,1.75916,Proton
0,3.89241,7.42426,2.29498,Proton
0,4.70598,6.58358,1.16213,Proton
0,2.99015,6.06464,2.45663,Proton
0,3.22291,5.9686,2.45378,Proton
0,3.44309,5.70374,2.31319,Proton
0,2.96276,5.63967,1.71696,Proton
0,3.8492,6.0979,1.61809,Proton
0,4.98579,5.53934,2.09628,Proton
0,4.66505,5.32365,2.14157,Proton
0,4.54845,5.03218,1.61783,Proton
0,4.39376,6.05376,1.23444,Proton
0,2.70265,5.68567,1.22047,Proton
0,3.39406,6.1533,1.19475,Proton
0,1.15164,5.05005,2.20691,Proton
0,1.02983,5.58952,1.84527,Proton
0,2.43696,6.19155,2.28766,Proton
0,1.72073,5.43324,1.33315,Proton
0,1.481,5.04374,1.18838,Proton
0,1.62615,4.49405,8.34314,Proton
0,1.63361,4.65051,7.63669,Proton
0,1.42655,3.28398,7.76834,Proton
0,1.90648,3.06247,7.52555,Proton
0,3.75537,4.80343,8.79084,Proton
0,3.99435,4.5802,8.6417,Proton
0,4.50688,4.92855,7.64154,Proton
0,3.44216,4.44628,7.64585,Proton
0,2.82995,4.13768,8.47952,Proton
0,3.21717,3.11474,8.86116,Proton
0,4.38559,3.63822,8.97103,Proton
0,4.64884,2.94045,8.88442,Proton
0,2.65722,3.51056,8.38402,Proton
0,3.66765,3.54254,7.68789,Proton
0,3.30157,3.27712,7.99102,Proton
0,2.69553,3.44697,7.84152,Proton
0,2.92517,3.49434,7.68757,Proton
0,3.10266,4.46009,7.1625,Proton
0,3.43122,4.84776,6.91908,Proton
0,3.63694,4.581,6.4974,Proton
0,3.50562,4.2866,7.16193,Proton
0,3.08329,3.9396,6.4092,Proton
0,3.88153,4.58852,6.52171,Proton
0,3.92107,4.1304,5.84709,Proton
0,3.12133,4.48027,6.09487,Proton
0,2.89214,4.05164,5.95746,Proton
0,3.673,4.32816,5.06971,Proton
0,3.59424,2.84396,6.5261,Proton
0,4.09185,2.98829,7.37421,Proton
0,4.95921,3.05489,6.26236,Proton
0,3.96054,2.62866,6.77562,Proton
0,4.39984,2.60871,5.63053,Proton
0,3.76691,2.51625,5.60756,Proton
0,3.47012,3.64504,5.49141,Proton
0,2.5196,3.35546,5.23069,Proton
0,2.57339,2.56361,6.11485,Proton
0,2.96097,2.79379,5.55171,Proton
0,2.30176,4.54251,6.34922,Proton
0,1.47251,4.38515,6.50012,Proton
0,1.03619,3.35806,6.4469,Proton
0,1.99941,3.30019,6.47298,Proton
0,1.39099,3.27361,6.71028,Proton
0,1.32317,3.61083,5.49889,Proton
0,1.7312,3.74508,5.58279,Proton
0,2.17934,2.83093,6.12596,Proton
0,1.05281,2.71543,6.1812,Proton
0,2.28266,2.23245,8.99858,Proton
0,1.28141,1.62295,8.40913,Proton
0,1.6279,1.51241,7.83117,Proton
0,4.37367,2.05877,8.29203,Proton
0,4.92411,1.97639,8.1499,Proton
0,4.34245,1.80789,7.88013,Proton
0,2.96864,1.49437,8.15983,Proton
0,3.14897,1.06483,8.12482,Proton
0,4.25706,1.33029,7.43493,Proton
0,4.91725,1.85119,6.36385,Proton
0,4.25563,1.53799,6.3544,Proton
0,2.95532,1.60741,5.92459,Proton
0,3.06954,1.40788,5.40786,Proton
0,3.69353,1.07613,6.76895,Proton
0,4.20383,1.0576,7.17585,Proton
0,4.49658,1.09194,5.94334,Proton
0,3.79797,1.24179,5.45115,Proton
0,2.34632,1.90663,7.36205,Proton
0,2.09927,1.70914,7.49573,Proton
0,1.89408,1.72857,7.03752,Proton
0,2.19954,1.63002,6.49035,Proton
0,2.04101,1.3031,6.50332,Proton
0,1.69388,2.44138,6.06789,Proton
0,2.31452,2.42517,5.50641,Proton
0,2.25272,1.0217,6.37816,Proton
0,5.01451,4.93403,8.78858,Proton
0,7.09574,4.75836,8.83689,Proton
0,7.31127,4.44194,8.42881,Proton
0,5.06444,4.90343,7.50471,Proton
0,6.11043,4.3142,7.86948,Proton
0,5.7876,4.03307,7.73153,Proton
0,6.99772,2.99963,8.97584,Proton
0,6.63029,3.14366,7.75179,Proton
0,6.25472,3.178,7.77985,Proton
0,5.27672,3.51989,8.17164,Proton
0,5.637,3.49798,8.292,Proton
0,5.30164,2.59373,7.623,Proton
0,8.74177,4.20778,8.87119,Proton
0,8.93782,4.70275,7.68588,Proton
0,8.86795,4.24693,8.62098,Proton
0,7.53096,2.93134,8.65156,Proton
0,7.52564,2.81247,8.14886,Proton
0,8.17735,2.63989,8.46393,Proton
0,8.3642,4.49299,7.35158,Proton
0,7.50442,3.99207,6.71925,Proton
0,8.81119,4.32108,5.05487,Proton
0,7.56233,3.99084,5.5501,Proton
0,8.25996,3.14111,7.47515,Proton
0,8.72013,3.67681,6.42696,Proton
0,8.90097,2.91246,5.20165,Proton
0,8.73528,3.68625,6.0693,Proton
0,7.6502,3.53558,5.52381,Proton
0,7.96274,3.58222,5.03561,Proton
0,7.96594,3.32604,5.1963,Proton
0,5.19344,4.74261,7.10148,Proton
0,5.87657,4.59189,7.18889,Proton
0,5.51072,4.62616,6.40747,Proton
0,7.17052,4.71089,6.75094,Proton
0,6.29418,4.92552,6.85927,Proton
0,6.27916,4.0978,7.07209,Proton
0,6.27889,3.88857,7.30272,Proton
0,6.35706,3.87328,6.78817,Proton
0,7.10483,4.66207,5.10813,Proton
0,6.57923,4.00276,5.78951,Proton
0,7.33688,4.18094,6.20335,Proton
0,5.29019,4.58057,6.14168,Proton
0,6.14066,3.48029,6.9664,Proton
0,5.62552,3.30466,6.30254,Proton
0,5.90345,2.71035,7.17435,Proton
0,6.1825,2.53583,6.43634,Proton
0,6.99942,3.18924,6.85166,Proton
0,6.85704,3.17595,6.79001,Proton
0,7.02426,2.54157,6.978,Proton
0,5.17493,1.26331,8.95983,Proton
0,6.62044,2.31803,8.70261,Proton
0,7.19977,1.94948,8.71679,Proton
0,6.07194,1.79918,8.20461,Proton
0,7.24887,1.18712,7.54199,Proton
0,7.65349,1.5684,8.16882,Proton
0,8.23073,1.58322,7.74358,Proton
0,8.31835,1.4763,7.85186,Proton
0,7.68598,1.54593,7.79611,Proton
0,8.81999,1.14094,8.57273,Proton
0,8.46595,1.91625,7.4135,Proton
0,8.23936,2.40209,6.54737,Proton
0,8.46951,1.47733,6.66506,Proton
0,8.90251,2.22919,6.84619,Proton
0,8.3522,2.22673,5.76231,Proton
0,8.21543,1.684,5.91391,Proton
0,8.30638,1.14803,7.07351,Proton
0,8.32598,1.03714,6.00952,Proton
0,5.12414,2.38255,7.28213,Proton
0,5.80447,1.7382,6.38538,Proton
0,7.20495,1.8099,7.33345,Proton
0,7.39316,1.93208,5.4094,Proton
0,7.25201,1.38729,5.61128,Proton
0,5.47614,2.28601,6.10991,Proton
0,5.28533,1.46714,5.79879,Proton
0,6.17241,1.55485,5.55482,Proton
0,5.54091,1.43397,5.39415,Proton
0,5.76375,1.21109,6.70187,Proton
0,7.49943,1.06559,6.85102,Proton
0,7.36364,1.11226,5.54762,Proton
0,6.2449,1.05714,5.46844,Proton
0,5.90867,4.86488,4.31534,Proton
0,7.39559,4.52088,4.61451,Proton
0,6.69913,3.86999,4.81607,Proton
0,6.75288,4.13129,4.28977,Proton
0,6.82454,3.88335,3.76099,Proton
0,6.1438,4.19877,2.70927,Proton
0,6.07443,3.9844,2.98922,Proton
0,6.01653,3.03275,4.98617,Proton
0,6.12545,2.95432,3.90632,Proton
0,7.0843,3.04964,3.14635,Proton
0,7.28197,2.63927,3.34337,Proton
0,5.13251,3.36125,3.65244,Proton
0,5.10782,3.35903,3.60966,Proton
0,5.71757,2.81291,2.60537,Proton
0,5.95156,2.57139,2.57912,Proton
0,8.34421,3.81116,4.91619,Proton
0,8.44487,4.00161,4.90239,Proton
0,8.61224,4.15599,3.78469,Proton
0,8.65151,4.04221,3.82908,Proton
0,8.9924,4.58268,3.37106,Proton
0,7.7696,3.59188,4.6129,Proton
0,8.60315,3.51221,3.73964,Proton
0,8.21754,2.88063,2.94487,Proton
0,8.64355,4.92107,1.63124,Proton
0,7.90655,4.40084,1.39277,Proton
0,7.9027,4.3572,2.14354,Proton
0,7.52746,4.26743,1.93836,Proton
0,8.02708,4.01479,1.46943,Proton
0,7.63002,4.4426,1.04502,Proton
0,8.58334,3.75545,1.15874,Proton
0,7.96434,3.35088,2.33451,Proton
0,8.07896,2.78531,1.39858,Proton
0,5.55317,4.73682,2.26444,Proton
0,5.75004,4.84552,2.47847,Proton
0,5.46515,3.82774,2.18178,Proton
0,7.23723,3.99641,1.10376,Proton
0,5.73307,4.79496,1.11083,Proton
0,6.1765,3.31466,2.39755,Proton
0,7.18766,3.45454,1.01499,Proton
0,5.62949,2.19697,4.73718,Proton
0,6.89487,2.05804,4.06182,Proton
0,7.22167,1.26152,4.57824,Proton
0,7.45705,2.32128,3.53772,Proton
0,6.57298,1.90017,2.58111,Proton
0,6.22296,1.40685,3.65135,Proton
0,5.49328,1.79987,2.88653,Proton
0,7.3792,1.10346,4.64418,Proton
0,8.32672,1.41516,3.92378,Proton
0,8.15358,1.34726,3.87474,Proton
0,8.41213,1.45189,2.59448,Proton
0,7.81433,2.22913,2.46386,Proton
0,8.68924,1.55009,1.57748,Proton
0,5.10134,1.6938,2.36653,Proton
0,5.1315,1.77304,2.01158,Proton
0,7.43526,1.88881,1.35721,Proton
0,6.67653,2.44144,1.34017,Proton
0,6.42015,1.67637,2.35805,Proton
0,7.11602,1.65343,1.72497,Proton
0,6.30622,1.6819,1.38565,Proton
0,6.05934,1.0097,2.19496,Proton
0,2.09078,4.54472,4.57724,Proton
0,1.91278,4.78555,4.22601,Proton
0,1.53002,4.85433,3.92507,Proton
0,2.06856,4.09548,4.86972,Proton
0,2.41812,4.95068,2.98392,Proton
0,1.97368,4.21706,2.55877,Proton
0,1.3297,3.23081,4.48491,Proton
0,1.9757,2.67676,4.27875,Proton
0,1.65674,3.05407,4.02022,Proton
0,1.42247,2.60145,3.89138,Proton
0,2.13168,3.49728,2.97931,Proton
0,2.83416,4.74544,4.73076,Proton
0,3.06493,4.97463,4.61452,Proton
0,2.81532,4.5637,4.41218,Proton
0,2.67801,4.45125,4.44894,Proton
0,2.59923,4.39485,3.79866,Proton
0,2.71874,4.10513,4.66999,Proton
0,3.28355,4.29419,4.71274,Proton
0,4.04101,4.54837,4.41236,Proton
0,4.48275,4.57364,3.92698,Proton
0,4.1121,4.84724,3.9196,Proton
0,4.05979,3.97917,3.22024,Proton
0,3.10245,4.96282,3.3723,Proton
0,2.93426,3.73855,4.3561,Proton
0,4.68268,2.72476,4.63508,Proton
0,4.45185,2.95571,3.96471,Proton
0,3.27719,3.49069,2.69565,Proton
0,4.31872,4.5763,2.09472,Proton
0,3.38619,4.95573,1.15543,Proton
0,4.33428,3.23773,1.93359,Proton
0,4.11006,3.13739,1.03938,Proton
0,3.13423,3.10385,1.04625,Proton
0,1.26325,4.04198,2.28241,Proton
0,2.08642,4.99258,1.12406,Proton
0,1.01263,4.27902,1.2004,Proton
0,1.34469,3.25425,2.03412,Proton
0,2.25729,3.43978,1.7696,Proton
0,1.1122,3.30767,1.22192,Proton
0,1.42575,2.13318,4.73771,Proton
0,2.23857,2.43541,4.11668,Proton
0,1.38576,2.32919,4.16979,Proton
0,2.13655,1.4735,4.47523,Proton
0,2.46348,1.83464,2.88799,Proton
0,1.54759,1.06511,3.4894,Proton
0,4.25409,1.51044,4.98126,Proton
0,4.40102,2.31383,3.45819,Proton
0,4.78578,2.20397,3.07967,Proton
0,4.09123,1.68527,2.97471,Proton
0,2.98714,2.17117,2.76798,Proton
0,3.61371,1.34886,3.73831,Proton
0,3.70733,1.29888,1.92001,Proton
0,4.13107,2.26911,2.40995,Proton
0,3.86398,2.44435,1.49939,Proton
0,2.86598,2.10973,1.09829,Proton
0,1.0053,1.37063,1.81723,Proton
0,2.35378,8.68706,7.70303,Proton
0,1.11653,7.70258,8.20914,Proton
0,4.9307,8.90273,7.50944,Proton
0,2.67277,8.82548,8.68156,Proton
0,3.25163,8.89588,8.14707,Proton
0,3.05513,8.1706,8.70961,Proton
0,3.07282,8.82184,7.2294,Proton
0,4.80607,8.89579,5.06933,Proton
0,3.01872,8.0303,7.40552,Proton
0,2.58433,7.93815,6.86876,Proton
0,4.52354,8.0011,6.99719,Proton
0,4.85697,8.02285,6.30252,Proton
0,4.57216,8.72663,5.42726,Proton
0,3.21324,8.34567,5.31984,Proton
0,3.09261,7.7387,5.65315,Proton
0,2.57556,7.8309,5.05171,Proton
0,1.03471,8.81308,6.96636,Proton
0,1.59819,8.11093,7.0227,Proton
0,2.16947,7.82086,7.35851,Proton
0,1.80653,8.63283,6.04314,Proton
0,2.27952,7.88775,6.18163,Proton
0,2.33582,7.98419,5.20273,Proton
0,2.20287,7.78997,5.27871,Proton
0,1.02548,8.09097,5.68694,Proton
0,2.46127,7.48113,7.53981,Proton
0,1.87989,6.74569,7.9766,Proton
0,2.15023,5.40344,8.79379,Proton
0,1.66452,5.86994,8.13958,Proton
0,2.29212,6.09635,8.33981,Proton
0,1.37997,5.46697,8.59069,Proton
0,2.59416,7.46371,8.8918,Proton
0,4.22876,7.49544,8.84276,Proton
0,3.76771,6.25863,8.57608,Proton
0,3.95706,6.4666,7.71379,Proton
0,3.17243,6.4812,7.75351,Proton
0,2.91322,5.70639,8.30119,Proton
0,3.50484,6.10914,8.68669,Proton
0,2.80779,5.39109,8.65177,Proton
0,3.8283,6.83511,5.98561,Proton
0,3.14697,6.11554,7.10315,Proton
0,3.35657,6.23744,6.51226,Proton
0,3.61415,5.22055,6.92852,Proton
0,4.70905,6.09066,7.2821,Proton
0,3.91039,5.46133,6.65983,Proton
0,4.64559,5.32394,5.95176,Proton
0,3.39552,6.15501,5.26375,Proton
0,2.11124,7.08771,6.92695,Proton
0,2.00548,7.42995,6.40775,Proton
0,2.20833,6.71005,7.01058,Proton
0,2.26553,6.7951,5.12428,Proton
0,1.85704,6.87113,5.02094,Proton
0,2.16376,5.88496,7.01222,Proton
0,2.00646,5.87033,6.62441,Proton
0,1.83782,5.88011,6.72747,Proton
0,1.27953,5.17169,7.08,Proton
0,1.23757,5.46163,5.46571,Proton
0,1.05314,5.46029,5.08647,Proton
0,5.81377,8.2685,8.49141,Proton
0,5.21253,7.88391,8.30269,Proton
0,5.46188,7.64464,8.29393,Proton
0,5.77256,7.71083,8.47697,Proton
0,8.23201,8.36078,7.92396,Proton
0,8.97054,8.92131,6.10095,Proton
0,8.15358,8.69539,7.30156,Proton
0,8.03203,8.37126,6.39753,Proton
0,8.08233,8.48325,5.92402,Proton
0,8.06205,7.58803,6.03596,Proton
0,8.30485,7.83097,5.13007,Proton
0,6.10597,8.89037,6.98264,Proton
0,7.29679,8.78621,7.36222,Proton
0,5.7238,8.36495,6.51815,Proton
0,5.86396,8.15728,6.30588,Proton
0,6.12132,7.98531,6.45524,Proton
0,6.36615,8.72999,7.01825,Proton
0,7.14488,7.61945,6.5622,Proton
0,6.80429,8.67266,5.47837,Proton
0,6.55961,7.81779,5.6968,Proton
0,7.05686,8.09041,5.11916,Proton
0,6.08132,7.73082,5.74235,Proton
0,6.06776,7.99085,5.5976,Proton
0,5.75557,8.05979,5.21643,Proton
0,6.0197,7.77232,5.40584,Proton
0,6.06083,7.52549,5.18995,Proton
0,6.31072,6.57842,8.842,Proton
0,6.59287,7.17731,8.30599,Proton
0,7.05879,6.86898,7.67308,Proton
0,7.25743,6.40728,7.67826,Proton
0,5.90129,7.27865,7.92835,Proton
0,6.09376,6.22778,8.91113,Proton
0,7.28955,5.14475,8.12845,Proton
0,7.41107,5.31352,7.99426,Proton
0,7.11534,5.31199,7.6411,Proton
0,5.15658,5.39549,8.17197,Proton
0,6.12763,5.22107,8.20755,Proton
0,8.21518,7.43969,8.93548,Proton
0,7.61969,7.40535,8.75155,Proton
0,8.13341,5.75511,8.18619,Proton
0,8.20736,5.57668,8.64225,Proton
0,7.73614,6.07952,7.27711,Proton
0,8.54412,5.98607,6.36504,Proton
0,8.46317,5.0231,6.72858,Proton
0,8.87142,5.81487,5.86007,Proton
0,8.989,5.46349,6.08093,Proton
0,8.45711,5.82278,5.30634,Proton
0,8.04948,6.02897,5.57802,Proton
0,7.72438,5.79007,5.04108,Proton
0,5.12106,6.47055,7.04658,Proton
0,5.43482,6.33255,6.38835,Proton
0,5.253,6.52725,6.52582,Proton
0,7.38991,7.41048,7.30107,Proton
0,7.24661,6.4711,6.32479,Proton
0,7.14894,7.19955,5.91863,Proton
0,6.59127,6.26947,5.42827,Proton
0,6.01562,6.40678,5.37534,Proton
0,5.58053,6.64982,5.25745,Proton
0,5.30506,6.03055,7.48175,Proton
0,6.03143,5.81543,7.12462,Proton
0,5.50842,5.07328,6.27352,Proton
0,7.29137,5.34995,6.4717,Proton
0,7.00026,5.04073,5.17533,Proton
0,5.95483,5.45399,5.38586,Proton
0,5.57445,8.90779,4.19059,Proton
0,5.25839,8.48678,4.55639,Proton
0,6.98328,7.63376,2.7732,Proton
0,6.94906,7.65059,2.63681,Proton
0,5.32688,7.66445,3.61243,Proton
0,8.33472,8.90842,3.4604,Proton
0,8.28513,8.36972,4.23969,Proton
0,8.55249,7.7761,4.65425,Proton
0,8.83714,8.55858,4.73369,Proton
0,8.91793,8.28324,4.35685,Proton
0,7.64195,8.10498,2.23902,Proton
0,8.90048,8.31618,1.88616,Proton
0,5.04252,8.60837,1.89012,Proton
0,5.88649,8.33786,2.00544,Proton
0,5.05072,7.94183,2.33127,Proton
0,7.25725,7.78498,1.81863,Proton
0,7.45846,7.60467,1.61854,Proton
0,6.79137,7.83106,1.51333,Proton
0,6.39214,8.39312,1.18265,Proton
0,7.47673,8.31666,1.08042,Proton
0,5.12611,8.08072,1.03459,Proton
0,5.51697,7.32356,4.78009,Proton
0,7.23728,6.62551,4.66549,Proton
0,6.96303,6.50304,3.1843,Proton
0,5.56717,7.36809,3.40502,Proton
0,5.06342,7.4341,2.5498,Proton
0,6.14204,6.73856,3.73369,Proton
0,5.70344,6.81527,2.51784,Proton
0,6.09665,6.29662,2.54767,Proton
0,5.6262,6.10462,4.68233,Proton
0,5.74961,5.71751,4.65311,Proton
0,6.90583,6.22566,4.02887,Proton
0,6.58216,5.15045,4.73524,Proton
0,7.47607,5.28106,4.46072,Proton
0,7.38752,5.17576,4.50317,Proton
0,6.98448,6.11744,3.36358,Proton
0,6.71238,5.21313,2.74492,Proton
0,5.33172,5.63672,3.49402,Proton
0,5.53437,5.79554,2.72773,Proton
0,7.96169,6.71341,4.57235,Proton
0,8.00061,5.88832,4.21278,Proton
0,7.96259,5.84554,3.94854,Proton
0,7.84305,5.63462,3.18548,Proton
0,7.60886,5.7754,2.57529,Proton
0,8.23653,5.52052,3.35233,Proton
0,8.43895,5.11506,3.43381,Proton
0,8.44574,5.47432,2.62943,Proton
0,8.72562,7.39083,2.02526,Proton
0,7.92558,6.34008,2.4245,Proton
0,8.43709,6.32273,1.38096,Proton
0,7.52392,6.84263,1.61838,Proton
0,8.0173,6.68637,1.62545,Proton
0,7.86974,6.25675,1.31773,Proton
0,8.22199,5.76361,1.61489,Proton
0,7.94481,5.95947,1.63445,Proton
0,8.14535,5.25167,1.50492,Proton
0,6.05426,6.9784,1.98674,Proton
0,5.02119,7.44211,1.85551,Proton
0,6.93836,6.96654,1.60815,Proton
0,6.94979,6.66273,2.37839,Proton
0,5.17271,7.02883,1.23376,Proton
0,6.39867,5.66942,1.96963,Proton
0,6.68129,6.20812,1.69378,Proton
0,2.03751,8.71628,4.92134,Proton
0,1.539,7.5218,4.49742,Proton
0,1.73288,8.27408,3.40137,Proton
0,2.07664,8.33133,3.12125,Proton
0,1.704,8.08672,3.46659,Proton
0,2.35332,7.9088,2.86792,Proton
0,2.47889,8.01888,2.6329,Proton
0,3.55609,8.96567,3.86454,Proton
0,4.31597,8.72131,3.40686,Proton
0,4.58056,8.53167,2.87166,Proton
0,4.74783,7.71295,3.4318,Proton
0,3.59078,8.14253,3.13592,Proton
0,2.55107,8.19876,2.53385,Proton
0,3.24158,7.98703,2.51747,Proton
0,4.41753,8.99979,1.86611,Proton
0,3.48136,8.3398,2.48296,Proton
0,2.60728,8.21843,1.49585,Proton
0,3.45326,8.04632,2.30227,Proton
0,3.65477,7.81484,1.82982,Proton
0,4.40139,8.61888,2.01538,Proton
0,4.10122,8.38471,1.67219,Proton
0,4.68924,7.799,2.04274,Proton
0,1.20205,8.85722,1.41068,Proton
0,1.51635,8.91002,1.91431,Proton
0,2.44275,8.62857,1.65484,Proton
0,1.87368,8.16844,1.28267,Proton
0,2.44417,7.63683,2.4438,Proton
0,1.58583,7.50106,1.33166,Proton
0,1.62028,7.41365,3.78884,Proton
0,1.7149,7.16652,4.30835,Proton
0,1.9112,6.77918,4.99249,Proton
0,2.0961,6.43674,4.55395,Proton
0,2.03051,6.62829,3.88942,Proton
0,2.19236,6.39545,3.98524,Proton
0,1.26796,7.40946,3.1496,Proton
0,1.75511,7.12292,3.43188,Proton
0,1.22668,5.48789,4.92837,Proton
0,2.42362,5.79594,4.06215,Proton
0,1.72976,6.21626,3.68109,Proton
0,1.87209,5.65862,3.50145,Proton
0,2.20198,6.15928,2.93911,Proton
0,1.34578,5.34769,3.67643,Proton
0,2.52472,6.84304,4.4323,Proton
0,4.54903,6.98674,3.91875,Proton
0,4.91718,7.41505,3.14436,Proton
0,3.99307,6.6354,3.31719,Proton
0,4.91409,6.66709,3.23387,Proton
0,2.63409,6.91978,3.46299,Proton
0,3.01037,6.74318,2.82615,Proton
0,2.76801,6.28806,2.93788,Proton
0,3.20967,6.2331,4.17064,Proton
0,2.82986,6.006,4.23611,Proton
0,2.77897,5.69821,3.87031,Proton
0,3.09599,5.03433,4.5455,Proton
0,3.51065,5.03216,4.97361,Proton
0,3.90174,6.01938,4.97512,Proton
0,4.01913,6.2485,3.22862,Proton
0,3.95781,5.84822,3.24651,Proton
0,3.82783,5.71955,2.59163,Proton
0,3.43639,6.21933,3.36224,Proton
0,2.53787,5.46785,3.73466,Proton
0,3.53513,5.01746,3.59699,Proton
0,3.59931,5.42358,3.04688,Proton
0,3.30509,6.61781,2.07958,Proton
0,3.55939,6.56595,1.46191,Proton
0,4.06675,7.35761,1.32083,Proton
0,3.8205,6.85921,1.89983,Proton
0,4.81996,7.2301,1.01473,Proton
0,2.5912,5.78185,1.36164,Proton
0,2.96441,5.34814,2.35748,Proton
0,3.29772,5.04957,1.43947,Proton
0,4.44056,5.69732,1.66659,Proton
0,4.96931,5.57445,1.98115,Proton
0,4.74128,5.44837,1.83461,Proton
0,2.57759,5.72483,1.22969,Proton
0,2.42132,6.37674,2.17043,Proton
0,1.49275,6.76563,1.25953,Proton
0,1.98676,6.19198,1.3263,Proton
0,2.15023,5.46655,1.83751,Proton
0,1.60107,5.15167,1.53925,Proton
0,2.03579,5.49449,1.16939,Proton
0,1.90953,3.84017,7.57908,Proton
0,1.23584,2.73746,8.81514,Proton
0,1.80668,3.59655,8.95716,Proton
0,4.0988,3.79696,7.93114,Proton
0,3.40379,4.59253,7.78754,Proton
0,2.5305,4.03732,8.74926,Proton
0,4.02063,3.18664,8.46791,Proton
0,4.31762,2.5434,8.29539,Proton
0,4.85284,3.0405,8.1312,Proton
0,3.32827,3.63937,8.59461,Proton
0,3.18409,3.72238,7.73675,Proton
0,3.55337,3.14658,7.98981,Proton
0,3.71172,2.68313,8.23291,Proton
0,2.96941,2.97977,7.96392,Proton
0,2.58275,3.77529,7.48129,Proton
0,3.25967,4.24192,7.42763,Proton
0,2.89849,4.0024,6.82021,Proton
0,4.70614,4.47453,6.97943,Proton
0,4.30276,4.57462,6.34733,Proton
0,4.30209,3.94297,7.45632,Proton
0,4.1085,4.06618,6.70428,Proton
0,4.42564,4.2026,5.78429,Proton
0,2.52948,4.22176,6.18435,Proton
0,3.27057,4.14399,5.63304,Proton
0,3.15709,4.00219,5.18353,Proton
0,3.36676,3.55167,6.98939,Proton
0,2.84648,2.76262,7.25292,Proton
0,2.89084,2.61799,6.55497,Proton
0,4.26765,3.37387,7.27064,Proton
0,4.67242,3.15467,5.09876,Proton
0,4.15663,3.27068,5.0059,Proton
0,4.31322,2.78612,5.80995,Proton
0,4.5845,2.62532,5.44027,Proton
0,3.20329,3.68838,6.01482,Proton
0,3.20162,3.37289,5.50627,Proton
0,3.54087,3.15684,5.43748,Proton
0,3.41226,3.21517,5.11015,Proton
0,2.61871,3.10995,5.09774,Proton
0,1.10339,4.44351,7.16356,Proton
0,2.29538,4.70542,6.64828,Proton
0,1.43322,4.99378,5.42538,Proton
0,1.84048,4.9348,5.36966,Proton
0,1.83097,3.93882,5.38897,Proton
0,1.58871,3.82646,5.03761,Proton
0,2.26248,3.25292,6.52693,Proton
0,2.30579,2.59759,7.27424,Proton
0,2.11564,1.35361,8.89691,Proton
0,2.42927,1.99693,8.65897,Proton
0,2.22397,1.1478,8.96649,Proton
0,3.45494,1.5701,8.94656,Proton
0,3.79094,2.18845,8.25206,Proton
0,4.82975,2.29908,8.28467,Proton
0,4.34184,1.91982,7.93253,Proton
0,4.54403,1.83928,7.70848,Proton
0,2.51203,1.16844,8.35491,Proton
0,2.76698,2.24482,6.93399,Proton
0,3.56428,2.35634,7.33153,Proton
0,3.56416,1.82935,7.26044,Proton
0,4.43943,2.09341,5.23469,Proton
0,4.19449,1.38139,6.06328,Proton
0,4.83204,1.60571,6.04927,Proton
0,4.59002,1.439,5.66346,Proton
0,4.24237,1.77013,5.44714,Proton
0,3.05581,2.25827,5.96681,Proton
0,3.75165,1.21884,7.14266,Proton
0,3.79248,1.21699,5.05682,Proton
0,1.7486,2.09972,7.48891,Proton
0,2.01705,2.25745,7.30714,Proton
0,1.26878,2.4832,5.86851,Proton
0,2.0007,2.24313,6.04302,Proton
0,1.40876,2.17062,5.04223,Proton
0,1.2474,2.00803,5.31175,Proton
0,1.14283,1.09916,5.42494,Proton
0,7.34377,4.40882,8.56735,Proton
0,6.66312,3.91358,8.38375,Proton
0,5.1226,4.58446,8.39025,Proton
0,5.63347,3.60742,8.77335,Proton
0,6.89042,2.56007,8.10399,Proton
0,6.20279,2.98794,7.54718,Proton
0,5.73683,2.58286,7.98756,Proton
0,8.45956,4.79211,7.6146,Proton
0,8.00046,4.67215,8.09679,Proton
0,7.75651,4.35244,8.6039,Proton
0,8.20056,3.80886,8.50666,Proton
0,7.55597,3.54584,8.9349,Proton
0,7.59221,2.78714,8.8094,Proton
0,7.68277,3.41891,8.44316,Proton
0,8.20715,3.63179,8.29665,Proton
0,7.7481,2.96454,8.00234,Proton
0,8.47837,4.67996,7.38761,Proton
0,8.56969,4.62176,6.52417,Proton
0,8.1099,4.01441,7.10776,Proton
0,8.52886,4.17046,6.29833,Proton
0,7.95845,4.15751,6.85329,Proton
0,7.72766,4.01376,6.04748,Proton
0,8.20716,4.12237,5.50283,Proton
0,8.57312,3.34903,7.24143,Proton
0,8.06664,3.1912,5.68036,Proton
0,7.81131,3.50378,5.39032,Proton
0,7.6273,2.65902,5.14045,Proton
0,5.31992,4.04739,6.41427,Proton
0,5.51856,4.02523,6.29,Proton
0,7.37991,3.8909,6.98006,Proton
0,7.443,3.85845,6.89547,Proton
0,7.34491,4.00399,6.7658,Proton
0,7.41274,4.92862,5.05384,Proton
0,6.79451,4.0724,5.85539,Proton
0,6.4445,4.36134,5.70795,Proton
0,7.31523,4.37337,6.10528,Proton
0,6.83171,3.81903,5.24747,Proton
0,5.35885,4.3932,6.09201,Proton
0,5.96582,4.87219,5.13627,Proton
0,5.75129,4.51039,5.62463,Proton
0,5.60532,3.50033,6.87306,Proton
0,5.09448,2.82708,7.45798,Proton
0,7.35746,3.71243,6.55676,Proton
0,7.3118,3.1322,6.15232,Proton
0,6.97167,2.91506,5.10122,Proton
0,5.01726,3.15505,6.0683,Proton
0,5.68089,3.50291,6.15859,Proton
0,6.08468,3.19821,6.04818,Proton
0,5.5114,2.87707,5.24758,Proton
0,7.2747,1.6482,8.97735,Proton
0,7.40235,1.54019,8.87122,Proton
0,7.48895,2.48834,8.38112,Proton
0,7.04967,1.98603,8.50742,Proton
0,5.35517,2.31423,7.93666,Proton
0,6.13581,1.05385,8.60665,Proton
0,8.80894,1.71425,8.23435,Proton
0,8.07454,2.28643,7.61397,Proton
0,7.87916,2.1356,7.72346,Proton
0,8.0242,1.61854,7.50689,Proton
0,8.79363,1.11948,7.5617,Proton
0,7.747,2.24515,7.42583,Proton
0,7.77295,2.17269,7.18193,Proton
0,8.44657,1.93031,7.35736,Proton
0,8.10424,1.71666,6.0642,Proton
0,7.7101,1.12793,7.46586,Proton
0,8.46254,1.12822,5.86261,Proton
0,5.62583,1.95867,6.67631,Proton
0,5.69481,1.4422,7.26181,Proton
0,5.13707,1.2638,6.39487,Proton
0,6.40578,1.75584,7.09976,Proton
0,7.47244,2.38899,5.59398,Proton
0,7.03265,1.4181,5.36646,Proton
0,6.46657,1.57729,5.17503,Proton
0,6.71283,1.51548,5.07216,Proton
0,5.71721,1.25505,5.77417,Proton
0,5.95804,1.31477,5.20776,Proton
0,6.55881,1.15143,7.00283,Proton
0,6.08422,4.39873,3.75049,Proton
0,5.12175,3.92842,4.34637,Proton
0,6.74979,4.46033,4.46204,Proton
0,6.38489,4.28825,4.4279,Proton
0,6.4561,3.83236,4.89845,Proton
0,7.42927,4.5799,2.65284,Proton
0,6.47864,4.2084,3.31841,Proton
0,6.7601,3.87664,3.2616,Proton
0,5.26673,3.24454,4.34633,Proton
0,7.22438,3.30883,4.12208,Proton
0,7.18333,2.87649,4.01676,Proton
0,7.4617,2.89081,3.6173,Proton
0,5.77942,3.65036,3.53788,Proton
0,5.12708,3.05362,2.76381,Proton
0,7.83228,4.92341,4.21859,Proton
0,7.77333,4.70203,3.18604,Proton
0,8.43769,3.79122,3.63177,Proton
0,8.68389,3.56682,3.9801,Proton
0,7.89412,2.84342,4.81011,Proton
0,8.52449,2.67754,4.55876,Proton
0,7.77001,2.78777,4.29896,Proton
0,8.01618,3.7045,3.33175,Proton
0,8.72907,3.61728,3.65798,Proton
0,8.2747,4.5532,1.76367,Proton
0,7.81967,4.85365,1.61121,Proton
0,8.15675,3.51939,2.35426,Proton
0,7.87049,3.49589,1.56259,Proton
0,8.6462,2.63809,1.77214,Proton
0,8.86889,3.61867,2.31997,Proton
0,5.00265,4.711,1.95695,Proton
0,5.01473,4.73349,1.40742,Proton
0,5.36374,3.79455,2.17268,Proton
0,6.2238,4.15721,2.39099,Proton
0,5.65313,3.99698,2.48368,Proton
0,6.32687,4.88378,2.46269,Proton
0,6.88335,3.79464,1.90955,Proton
0,6.63921,3.75179,1.37582,Proton
0,6.47038,3.83115,1.32591,Proton
0,5.81839,3.21226,2.28622,Proton
0,7.32904,2.76914,1.46362,Proton
0,6.18187,2.25244,4.82176,Proton
0,5.91224,1.61681,4.08106,Proton
0,6.37305,1.41678,4.67411,Proton
0,5.93979,2.03602,2.50796,Proton
0,6.03767,1.7889,3.40888,Proton
0,7.9574,1.92494,4.30015,Proton
0,8.16549,1.49123,4.92104,Proton
0,8.33284,1.33594,3.8432,Proton
0,7.85466,1.79281,3.98414,Proton
0,7.88408,1.59328,3.85478,Proton
0,7.82006,1.41166,4.12437,Proton
0,8.16962,1.42592,3.24329,Proton
0,7.60325,1.93506,1.92333,Proton
0,8.07734,1.44563,1.49009,Proton
0,8.03775,1.13564,1.26994,Proton
0,6.15665,1.65597,2.40481,Proton
0,6.00629,1.73815,1.44044,Proton
0,7.41131,2.37034,1.46838,Proton
0,6.73872,1.67943,2.34447,Proton
0,6.27428,1.06699,1.93929,Proton
0,1.08332,4.40737,4.92568,Proton
0,1.92994,4.76073,3.20439,Proton
0,1.43589,4.74677,2.82657,Proton
0,1.38593,4.13081,2.93739,Proton
0,1.94769,2.60462,4.80934,Proton
0,2.32243,3.03481,4.17312,Proton
0,1.72875,2.82052,4.06258,Proton
0,1.50301,2.51414,4.06555,Proton
0,1.86841,3.66931,3.4037,Proton
0,2.2417,3.02718,3.18482,Proton
0,2.0985,2.66529,3.05484,Proton
0,1.77978,2.69058,2.85979,Proton
0,2.66274,4.73955,4.21417,Proton
0,4.37753,3.95889,4.3535,Proton
0,3.77559,4.94103,3.55084,Proton
0,4.86254,4.60273,3.01233,Proton
0,4.09283,4.2374,3.63512,Proton
0,4.10357,4.15418,3.15475,Proton
0,4.95706,4.28208,2.85711,Proton
0,4.0044,4.01733,2.51199,Proton
0,3.10214,4.87993,3.69537,Proton
0,2.53831,3.2385,4.82904,Proton
0,4.94602,3.049,4.91703,Proton
0,3.82579,3.57294,3.66811,Proton
0,3.92887,2.90088,3.48813,Proton
0,4.90481,2.6824,3.17784,Proton
0,3.43081,3.30071,3.57709,Proton
0,2.77243,3.00442,2.5895,Proton
0,2.7421,3.88066,2.32719,Proton
0,3.78289,4.82404,1.99112,Proton
0,4.72539,4.56867,2.37263,Proton
0,3.84256,3.78366,1.65397,Proton
0,3.30716,3.68461,1.88659,Proton
0,3.0735,2.86123,1.8672,Proton
0,4.18969,3.6155,1.4192,Proton
0,1.12386,3.8969,1.68977,Proton
0,2.02815,4.5032,1.69252,Proton
0,1.27059,4.23474,1.17088,Proton
0,1.15525,3.00575,1.12747,Proton
0,1.48441,2.21095,4.85288,Proton
0,1.43452,2.14166,4.43081,Proton
0,1.26146,1.35783,3.6546,Proton
0,1.97323,1.3428,2.95312,Proton
0,1.62688,1.50438,3.06695,Proton
0,1.0318,1.22518,4.80633,Proton
0,2.05072,1.16048,3.54854,Proton
0,1.16785,1.22377,2.64215,Proton
0,3.66928,2.29894,4.20587,Proton
0,3.68319,1.68093,4.66943,Proton
0,4.72369,2.4813,4.00617,Proton
0,3.21146,2.49893,2.85891,Proton
0,2.6876,2.03731,2.8403,Proton
0,2.66703,1.36815,2.54664,Proton
0,2.86814,1.10679,3.22472,Proton
0,2.67566,2.03873,2.42038,Proton
0,3.40855,1.98463,2.20478,Proton
0,2.97445,2.03027,1.84288,Proton
0,2.55684,1.91239,1.32027,Proton
0,4.17235,1.18842,1.81661,Proton
0,1.54878,1.56563,1.17861,Proton
0,2.28635,1.15262,1.96047,Proton
